-- phpMyAdmin SQL Dump
-- version 5.2.0
-- https://www.phpmyadmin.net/
--
-- Host: 127.0.0.1
-- Generation Time: Jul 01, 2022 at 07:02 PM
-- Server version: 10.4.24-MariaDB
-- PHP Version: 8.1.6

SET SQL_MODE = "NO_AUTO_VALUE_ON_ZERO";
START TRANSACTION;
SET time_zone = "+00:00";


/*!40101 SET @OLD_CHARACTER_SET_CLIENT=@@CHARACTER_SET_CLIENT */;
/*!40101 SET @OLD_CHARACTER_SET_RESULTS=@@CHARACTER_SET_RESULTS */;
/*!40101 SET @OLD_COLLATION_CONNECTION=@@COLLATION_CONNECTION */;
/*!40101 SET NAMES utf8mb4 */;

--
-- Database: `ghtk`
--

-- --------------------------------------------------------

--
-- Table structure for table `category`
--

CREATE TABLE `category` (
  `id` bigint(20) NOT NULL,
  `code` varchar(255) COLLATE utf8_unicode_ci DEFAULT NULL,
  `description` varchar(255) COLLATE utf8_unicode_ci DEFAULT NULL,
  `name` varchar(255) COLLATE utf8_unicode_ci DEFAULT NULL,
  `status` int(11) DEFAULT NULL
) ENGINE=InnoDB DEFAULT CHARSET=utf8 COLLATE=utf8_unicode_ci;

--
-- Dumping data for table `category`
--

INSERT INTO `category` (`id`, `code`, `description`, `name`, `status`) VALUES
(1, '51079-960', 'Aegypius tracheliotus', 'Oldsmobile', 0),
(2, '57520-0332', 'Larus novaehollandiae', 'Chrysler', 7),
(3, '68151-0182', 'Caiman crocodilus', 'Mitsubishi', 2),
(4, '47682-112', 'Spilogale gracilis', 'Mazda', 7),
(5, '10544-447', 'Macaca fuscata', 'Pontiac', 1),
(6, '57896-101', 'Semnopithecus entellus', 'Dodge', 7),
(7, '58118-0167', 'Raphicerus campestris', 'GMC', 3),
(8, '16714-367', 'Motacilla aguimp', 'Mercedes-Benz', 3),
(9, '10742-8357', 'Varanus sp.', 'Kia', 2),
(10, '55150-129', 'Vulpes chama', 'Ford', 4),
(16, 'sdfhihihihihhj', 'tghn', 'Quần áo', 0),
(17, 'sdfhihihihihhj', 'tghn', 'Quần áo', 1),
(18, 'sdfhihihihihhj', 'tghn', 'Quần áo a', 0),
(19, 'null.2022/06/30', 'đẹp quá nà', 'Quần Áo Nam', 1),
(20, 'null.2022/06/30', 'đẹp quá nà', 'Quần Áo Nam', 1),
(21, 'null.2022/06/30', 'đẹp quá nà', 'Quần Áo Nam', 1),
(22, 'null.2022/06/30', 'đẹp quá nà', 'Quần Áo Nam', 1),
(23, '75214', 'đẹp quá nà', 'Quần Áo Nam', 1),
(24, '75214', 'đẹp quá nà', 'Quần Áo Nam', 1),
(25, '75214', 'đẹp quá nà', 'Quần Áo Nam', 1),
(26, '75214', 'đẹp quá nà', 'Quần Áo Nam', 1),
(27, '75214', 'đẹp quá nà', 'Quần Áo Nam', 1),
(28, '75214', 'đẹp quá nà', 'Quần Áo Nam', 1),
(29, '75214', 'đẹp quá nà', 'Quần Áo Nam', 1);

-- --------------------------------------------------------

--
-- Table structure for table `district`
--

CREATE TABLE `district` (
  `id` bigint(20) NOT NULL,
  `code` varchar(255) COLLATE utf8_unicode_ci DEFAULT NULL,
  `name` varchar(255) COLLATE utf8_unicode_ci DEFAULT NULL
) ENGINE=InnoDB DEFAULT CHARSET=utf8 COLLATE=utf8_unicode_ci;

--
-- Dumping data for table `district`
--

INSERT INTO `district` (`id`, `code`, `name`) VALUES
(1, '456725547', 'fghjkl');

-- --------------------------------------------------------

--
-- Table structure for table `product`
--

CREATE TABLE `product` (
  `id` bigint(20) NOT NULL,
  `description` varchar(255) COLLATE utf8_unicode_ci DEFAULT NULL,
  `name` varchar(255) COLLATE utf8_unicode_ci DEFAULT NULL,
  `price` double DEFAULT NULL,
  `sku` varchar(255) COLLATE utf8_unicode_ci DEFAULT NULL,
  `status` int(11) DEFAULT NULL,
  `category_id` bigint(20) DEFAULT NULL,
  `code` varchar(255) COLLATE utf8_unicode_ci DEFAULT NULL,
  `created_at` date DEFAULT NULL,
  `modifile_at` date DEFAULT NULL
) ENGINE=InnoDB DEFAULT CHARSET=utf8 COLLATE=utf8_unicode_ci;

--
-- Dumping data for table `product`
--

INSERT INTO `product` (`id`, `description`, `name`, `price`, `sku`, `status`, `category_id`, `code`, `created_at`, `modifile_at`) VALUES
(1, 'fghjk', 'duy ducuuuuuuuuuuuuuuuuuu', 5, 'ghjkl', 0, 4, 'sdfghj', '2022-06-01', '2022-07-01'),
(2, 'fghjk', 'duy duc', 5, 'ghjkl', 1, NULL, NULL, NULL, '2022-06-29'),
(3, 'Teal', 'Anchovy Fillets', 70000, 'Red', 5, 3, NULL, NULL, NULL),
(4, 'Red', 'Potatoes - Yukon Gold, 80 Ct', 45000, 'Yellow', 1, 4, NULL, NULL, NULL),
(5, 'Purple', 'Lamb - Loin, Trimmed, Boneless', 55000, 'Crimson', 1, 3, NULL, NULL, NULL),
(6, 'Mauv', 'Wine - White, Schroder And Schyl', 50000, 'Pink', 3, 5, NULL, NULL, NULL),
(7, 'Turquoise', 'Flavouring Vanilla Artificial', 90000, 'Maroon', 3, 3, NULL, NULL, NULL),
(8, 'Red', 'Chocolate - Dark', 80000, 'Orange', 2, 2, NULL, NULL, NULL),
(9, 'Yellow', 'Wine - Cotes Du Rhone Parallele', 85000, 'Red', 3, 2, NULL, NULL, NULL),
(10, 'Teal', 'Squash - Acorn', 80000, 'Pink', 5, 3, NULL, NULL, NULL),
(11, 'Maroon', 'Áo - Vineland Estate Semi - Dry', 55000, 'Crimson', 2, 3, NULL, NULL, NULL),
(12, 'Pink', 'Cheese - Grie Des Champ', 1990, 'Crimson', 2, 1, NULL, NULL, NULL),
(13, 'Maroon', 'Cranberry Foccacia', 2004, 'Indigo', 2, 5, NULL, NULL, NULL),
(14, 'Blue', 'Áo - Sour Batard', 1996, 'Violet', 3, 2, NULL, NULL, NULL),
(15, 'Purple', 'Bols Melon Liqueur', 2001, 'Crimson', 2, 1, NULL, NULL, NULL),
(16, 'Red', 'Stock - Veal, Brown', 2011, 'Red', 0, 1, NULL, NULL, NULL),
(17, 'Maroon', 'Wine - Rhine Riesling Wolf Blass', 1998, 'Crimson', 1, 1, NULL, NULL, NULL),
(18, 'Yellow', 'Nantucket Apple Juice', 1988, 'Red', 4, 1, NULL, NULL, NULL),
(19, 'Goldenrod', 'Sauce - Thousand Island', 1969, 'Violet', 5, 4, NULL, NULL, NULL),
(20, 'Fuscia', 'Kirsch - Schloss', 80000, 'Puce', 5, 5, NULL, NULL, NULL),
(21, 'Blue', 'Áo - Pearl', 2011, 'Purple', 4, 1, NULL, NULL, NULL),
(22, 'Khaki', 'Soup - French Onion', 2011, 'Turquoise', 4, 1, NULL, NULL, NULL),
(23, 'Yellow', 'Wine - White Cab Sauv.on', 2001, 'Fuscia', 5, 1, NULL, NULL, NULL),
(24, 'Blue', 'Coffee - Almond Amaretto', 45000, 'Fuscia', 3, 2, NULL, NULL, NULL),
(25, 'Red', 'Banana - Green', 1994, 'Aquamarine', 4, 5, NULL, NULL, NULL),
(26, 'Puce', 'Lamb - Loin Chops', 45000, 'Red', 3, 4, NULL, NULL, NULL),
(27, 'Khaki', 'Muffin Mix - Oatmeal', 2011, 'Aquamarine', 5, 2, NULL, NULL, NULL),
(28, 'Aquamarine', 'Tomatoes - Cherry', 1992, 'Puce', 4, 3, NULL, NULL, NULL),
(29, 'Maroon', 'Red Currant Jelly', 70000, 'Maroon', 3, 1, NULL, NULL, NULL),
(30, 'Green', 'Beets - Golden', 2004, 'Aquamarine', 5, 3, NULL, NULL, NULL),
(31, 'Red', 'Pepperoni Slices', 1985, 'Goldenrod', 2, 2, NULL, NULL, NULL),
(32, 'Fuscia', 'Cake - French Pear Tart', 2007, 'Pink', 5, 3, NULL, NULL, NULL),
(33, 'Khaki', 'Apple - Royal Gala', 1994, 'Crimson', 2, 4, NULL, NULL, NULL),
(34, 'Maroon', 'Sugar - White Packet', 55000, 'Indigo', 5, 5, NULL, NULL, NULL),
(35, 'Khaki', 'Baking Soda', 1997, 'Mauv', 4, 3, NULL, NULL, NULL),
(36, 'Purple', 'Cabbage - Savoy', 55000, 'Red', 3, 4, NULL, NULL, NULL),
(37, 'Fuscia', 'Pepper - White, Whole', 1996, 'Teal', 4, 5, NULL, NULL, NULL),
(38, 'Violet', 'Pie Pecan', 2004, 'Mauv', 3, 2, NULL, NULL, NULL),
(39, 'Purple', 'Roe - Flying Fish', 2010, 'Purple', 2, 5, NULL, NULL, NULL),
(40, 'Red', 'Table Cloth 62x114 Colour', 2002, 'Goldenrod', 5, 5, NULL, NULL, NULL),
(41, 'Blue', 'Soup - Campbells Chili', 1997, 'Crimson', 3, 5, NULL, NULL, NULL),
(42, 'Violet', 'Oneshot Automatic Soap System', 1996, 'Maroon', 1, 3, NULL, NULL, NULL),
(43, 'Turquoise', 'Cod - Fillets', 2002, 'Indigo', 3, 5, NULL, NULL, NULL),
(44, 'Yellow', 'Cheese - Pont Couvert', 1992, 'Green', 2, 1, NULL, NULL, NULL),
(45, 'Mauv', 'Filo Dough', 40000, 'Maroon', 5, 1, NULL, NULL, NULL),
(46, 'Pink', 'Blueberries - Frozen', 1988, 'Puce', 3, 4, NULL, NULL, NULL),
(47, 'Crimson', 'Cups 10oz Trans', 1996, 'Teal', 5, 4, NULL, NULL, NULL),
(48, 'Orange', 'Turkey - Breast, Double', 1992, 'Red', 3, 4, NULL, NULL, NULL),
(49, 'Crimson', 'Cape Capensis - Fillet', 2003, 'Turquoise', 4, 2, NULL, NULL, NULL),
(50, 'Turquoise', 'Amaretto', 2002, 'Purple', 1, 4, NULL, NULL, NULL),
(51, 'Orange', 'Pear - Prickly', 40000, 'Maroon', 5, 5, NULL, NULL, NULL),
(52, 'Goldenrod', 'Veal - Insides Provini', 2007, 'Teal', 4, 1, NULL, NULL, NULL),
(53, 'Goldenrod', 'Vinegar - Balsamic, White', 80000, 'Goldenrod', 1, 4, NULL, NULL, NULL),
(54, 'Fuscia', 'Veal - Tenderloin, Untrimmed', 1992, 'Teal', 3, 1, NULL, NULL, NULL),
(55, 'Goldenrod', 'Mince Meat - Filling', 55000, 'Puce', 3, 3, NULL, NULL, NULL),
(56, 'Fuscia', 'Lighter - Bbq', 1997, 'Maroon', 4, 3, NULL, NULL, NULL),
(57, 'Green', 'Lambcasing', 1988, 'Pink', 4, 3, NULL, NULL, NULL),
(58, 'Turquoise', 'Cocoa Powder - Natural', 85000, 'Green', 4, 4, NULL, NULL, NULL),
(59, 'Puce', 'Pork - Side Ribs', 2010, 'Green', 5, 2, NULL, NULL, NULL),
(60, 'Goldenrod', 'Chips - Doritos', 55000, 'Red', 4, 5, NULL, NULL, NULL),
(61, 'Purple', 'Asparagus - Green, Fresh', 1967, 'Violet', 1, 1, NULL, NULL, NULL),
(62, 'Yellow', 'Áo Blck', 2000, 'Green', 2, 2, NULL, NULL, NULL),
(63, 'Green', 'Huck Towels White', 55000, 'Fuscia', 4, 5, NULL, NULL, NULL),
(64, 'Green', 'Eggplant - Asian', 2003, 'Aquamarine', 2, 3, NULL, NULL, NULL),
(65, 'Green', 'Wine - Jackson Triggs Okonagan', 2011, 'Violet', 2, 4, NULL, NULL, NULL),
(66, 'Pink', 'Butter Balls Salted', 40000, 'Goldenrod', 2, 1, NULL, NULL, NULL),
(67, 'Violet', 'Vol Au Vents', 2011, 'Teal', 4, 2, NULL, NULL, NULL),
(68, 'Aquamarine', 'Nut - Pecan, Halves', 1985, 'Maroon', 4, 2, NULL, NULL, NULL),
(69, 'Mauv', 'Bar - Granola Trail Mix Fruit Nut', 50000, 'Yellow', 5, 5, NULL, NULL, NULL),
(70, 'Fuscia', 'Broom Handle', 2002, 'Green', 5, 2, NULL, NULL, NULL),
(71, 'Mauv', 'Wine - Chianti Classico Riserva', 2003, 'Purple', 4, 3, NULL, NULL, NULL),
(72, 'Indigo', 'Tomatoes - Cherry, Yellow', 2007, 'Khaki', 3, 3, NULL, NULL, NULL),
(73, 'Aquamarine', 'Lamb - Shoulder, Boneless', 1998, 'Green', 1, 5, NULL, NULL, NULL),
(74, 'Khaki', 'Wine - Dubouef Macon - Villages', 2010, 'Maroon', 1, 2, NULL, NULL, NULL),
(75, 'Turquoise', 'Otomegusa Dashi Konbu', 45000, 'Indigo', 1, 5, NULL, NULL, NULL),
(76, 'Indigo', 'Beer - Alexander Kieths, Pale Ale', 2003, 'Indigo', 3, 2, NULL, NULL, NULL),
(77, 'Khaki', 'Pesto - Primerba, Paste', 1990, 'Aquamarine', 3, 4, NULL, NULL, NULL),
(78, 'Fuscia', 'Pernod', 1987, 'Mauv', 5, 2, NULL, NULL, NULL),
(79, 'Red', 'Strawberries - California', 2007, 'Green', 2, 2, NULL, NULL, NULL),
(80, 'Puce', 'Beer - Molson Excel', 45000, 'Purple', 1, 2, NULL, NULL, NULL),
(81, 'Puce', 'Energy Drink - Franks Pineapple', 40000, 'Indigo', 3, 4, NULL, NULL, NULL),
(82, 'Turquoise', 'Soup - Campbells Chili Veg', 1994, 'Goldenrod', 2, 1, NULL, NULL, NULL),
(83, 'Orange', 'Langers - Mango Nectar', 2004, 'Aquamarine', 3, 1, NULL, NULL, NULL),
(84, 'Purple', 'Mustard - Dry, Powder', 45000, 'Purple', 3, 4, NULL, NULL, NULL),
(85, 'Khaki', 'Wine - Red, Black Opal Shiraz', 1994, 'Red', 5, 1, NULL, NULL, NULL),
(86, 'Puce', 'Pear - Packum', 45000, 'Crimson', 5, 5, NULL, NULL, NULL),
(87, 'Teal', 'Marsala - Sperone, Fine, D.o.c.', 1994, 'Aquamarine', 3, 5, NULL, NULL, NULL),
(88, 'Aquamarine', 'Sage - Ground', 1996, 'Teal', 2, 1, NULL, NULL, NULL),
(89, 'Blue', 'Crab - Dungeness, Whole, live', 1994, 'Pink', 1, 4, NULL, NULL, NULL),
(90, 'Crimson', 'Foam Tray S2', 2007, 'Khaki', 3, 4, NULL, NULL, NULL),
(91, 'Puce', 'Flour - Teff', 2007, 'Goldenrod', 2, 2, NULL, NULL, NULL),
(92, 'Red', 'Áo - Yellow Hot House', 90000, 'Red', 1, 5, NULL, NULL, NULL),
(93, 'Mauv', 'Syrup - Monin - Blue Curacao', 1968, 'Orange', 2, 4, NULL, NULL, NULL),
(94, 'Maroon', 'Mushroom - Shitake, Fresh', 70000, 'Fuscia', 4, 5, NULL, NULL, NULL),
(95, 'Violet', 'Yogurt - Plain', 1996, 'Purple', 2, 2, NULL, NULL, NULL),
(96, 'Aquamarine', 'Devonshire Cream', 2000, 'Pink', 4, 1, NULL, NULL, NULL),
(97, 'Maroon', 'Onion - Dried', 90000, 'Crimson', 1, 3, NULL, NULL, NULL),
(98, 'Fuscia', 'Meldea Green Tea Liquor', 50000, 'Violet', 5, 5, NULL, NULL, NULL),
(99, 'Green', 'Carbonated Water - Strawberry', 1994, 'Red', 3, 2, NULL, NULL, NULL),
(100, 'Khaki', 'Bulgar', 2011, 'Khaki', 3, 1, NULL, NULL, NULL),
(101, 'Goldenrod', 'Capon - Whole', 1997, 'Blue', 4, 5, NULL, NULL, NULL),
(102, 'Crimson', 'Pineapple - Regular', 40000, 'Violet', 1, 4, NULL, NULL, NULL),
(103, 'Puce', 'Truffle Cups - Brown', 1992, 'Teal', 3, 3, NULL, NULL, NULL),
(104, 'Green', 'Pasta - Spaghetti, Dry', 2001, 'Aquamarine', 5, 1, NULL, NULL, NULL),
(105, 'Violet', 'Sprouts - Peppercress', 1994, 'Yellow', 4, 4, NULL, NULL, NULL),
(106, 'Goldenrod', 'Wine - Vouvray Cuvee Domaine', 50000, 'Indigo', 5, 2, NULL, NULL, NULL),
(107, 'Green', 'Momiji Oroshi Chili Sauce', 1994, 'Indigo', 3, 3, NULL, NULL, NULL),
(108, 'Mauv', 'Veal - Leg', 1992, 'Indigo', 1, 3, NULL, NULL, NULL),
(109, 'Goldenrod', 'Sprite - 355 Ml', 40000, 'Fuscia', 3, 2, NULL, NULL, NULL),
(110, 'Goldenrod', 'Quail - Whole, Boneless', 2001, 'Aquamarine', 1, 1, NULL, NULL, NULL),
(111, 'Green', 'Jam - Apricot', 1992, 'Teal', 2, 4, NULL, NULL, NULL),
(112, 'Teal', 'Appetizer - Cheese Bites', 2002, 'Red', 5, 3, NULL, NULL, NULL),
(113, 'Crimson', 'Sprouts - Pea', 55000, 'Purple', 1, 1, NULL, NULL, NULL),
(114, 'Mauv', 'Tomatoes - Yellow Hot House', 2004, 'Maroon', 1, 5, NULL, NULL, NULL),
(115, 'Green', 'Icecream Bar - Del Monte', 1992, 'Green', 2, 1, NULL, NULL, NULL),
(116, 'Teal', 'Butter Sweet', 1997, 'Fuscia', 5, 2, NULL, NULL, NULL),
(117, 'Purple', 'Beef - Striploin Aa', 1992, 'Crimson', 4, 1, NULL, NULL, NULL),
(118, 'Purple', 'Sauce - Apple, Unsweetened', 90000, 'Orange', 3, 5, NULL, NULL, NULL),
(119, 'Purple', 'Arizona - Green Tea', 85000, 'Yellow', 5, 1, NULL, NULL, NULL),
(120, 'Crimson', 'Appetizer - Crab And Brie', 1974, 'Purple', 5, 5, NULL, NULL, NULL),
(121, 'Fuscia', 'Chestnuts - Whole,canned', 85000, 'Goldenrod', 1, 2, NULL, NULL, NULL),
(122, 'Aquamarine', 'Cheese - Romano, Grated', 70000, 'Blue', 3, 2, NULL, NULL, NULL),
(123, 'Puce', 'Brandy - Orange, Mc Guiness', 1997, 'Green', 5, 5, NULL, NULL, NULL),
(124, 'Goldenrod', 'Scallops - 20/30', 1990, 'Crimson', 1, 2, NULL, NULL, NULL),
(125, 'Orange', 'Edible Flower - Mixed', 40000, 'Red', 4, 4, NULL, NULL, NULL),
(126, 'Teal', 'Pasta - Lasagna Noodle, Frozen', 1988, 'Goldenrod', 2, 4, NULL, NULL, NULL),
(127, 'Blue', 'Salt - Celery', 2010, 'Indigo', 1, 1, NULL, NULL, NULL),
(128, 'Indigo', 'Calypso - Black Cherry Lemonade', 40000, 'Yellow', 5, 4, NULL, NULL, NULL),
(129, 'Violet', 'Beer - Camerons Auburn', 2011, 'Indigo', 4, 5, NULL, NULL, NULL),
(130, 'Red', 'Corn - On The Cob', 2007, 'Teal', 2, 3, NULL, NULL, NULL),
(131, 'Pink', 'Tea - Earl Grey', 2007, 'Mauv', 3, 1, NULL, NULL, NULL),
(132, 'Maroon', 'Foil - Round Foil', 1998, 'Pink', 5, 5, NULL, NULL, NULL),
(133, 'Violet', 'Garam Masala Powder', 2001, 'Violet', 4, 2, NULL, NULL, NULL),
(134, 'Goldenrod', 'Table Cloth 81x81 White', 2003, 'Goldenrod', 5, 4, NULL, NULL, NULL),
(135, 'Yellow', 'Scallops - U - 10', 1994, 'Puce', 5, 2, NULL, NULL, NULL),
(136, 'Turquoise', 'Scallops - U - 10', 2004, 'Mauv', 1, 4, NULL, NULL, NULL),
(137, 'Green', 'Cake - Mini Cheesecake', 55000, 'Yellow', 1, 3, NULL, NULL, NULL),
(138, 'Aquamarine', 'Ice Cream Bar - Oreo Sandwich', 1998, 'Goldenrod', 3, 2, NULL, NULL, NULL),
(139, 'Puce', 'Coffee Cup 8oz 5338cd', 1987, 'Violet', 2, 5, NULL, NULL, NULL),
(140, 'Khaki', 'Napkin White', 80000, 'Khaki', 2, 2, NULL, NULL, NULL),
(141, 'Pink', 'Oats Large Flake', 1992, 'Goldenrod', 2, 4, NULL, NULL, NULL),
(142, 'Yellow', 'Nut - Almond, Blanched, Ground', 2002, 'Violet', 1, 2, NULL, NULL, NULL),
(143, 'Blue', 'Seedlings - Clamshell', 2002, 'Purple', 1, 4, NULL, NULL, NULL),
(144, 'Yellow', 'Pepper - Green Thai', 70000, 'Orange', 5, 2, NULL, NULL, NULL),
(145, 'Maroon', 'Wine - Barolo Fontanafredda', 2013, 'Khaki', 4, 4, NULL, NULL, NULL),
(146, 'Orange', 'Cheese - Manchego, Spanish', 50000, 'Fuscia', 3, 1, NULL, NULL, NULL),
(147, 'Green', 'Áo - White Meat With Tender', 55000, 'Purple', 0, 2, NULL, NULL, NULL),
(148, 'Puce', 'Salmon - Atlantic, Fresh, Whole', 2000, 'Purple', 2, 3, NULL, NULL, NULL),
(149, 'Goldenrod', 'Spice - Chili Powder Mexican', 45000, 'Blue', 4, 5, NULL, NULL, NULL),
(150, 'Teal', 'Cheese - Augre Des Champs', 45000, 'Indigo', 4, 1, NULL, NULL, NULL),
(151, 'Khaki', 'Scallops 60/80 Iqf', 2004, 'Crimson', 4, 1, NULL, NULL, NULL),
(152, 'Purple', 'Snapple Raspberry Tea', 2003, 'Green', 1, 5, NULL, NULL, NULL),
(153, 'Purple', 'Plastic Arrow Stir Stick', 1994, 'Blue', 4, 3, NULL, NULL, NULL),
(154, 'Violet', 'Squash - Butternut', 1979, 'Blue', 5, 5, NULL, NULL, NULL),
(155, 'Turquoise', 'Áo Cream Soda', 55000, 'Goldenrod', 5, 5, NULL, NULL, NULL),
(156, 'Indigo', 'Cut Wakame - Hanawakaba', 2007, 'Turquoise', 2, 5, NULL, NULL, NULL),
(157, 'Indigo', 'Wine - Red, Metus Rose', 1991, 'Mauv', 1, 4, NULL, NULL, NULL),
(158, 'Maroon', 'Wheat - Soft Kernal Of Wheat', 2002, 'Mauv', 2, 4, NULL, NULL, NULL),
(159, 'Puce', 'Triple Sec - Mcguinness', 2000, 'Puce', 3, 3, NULL, NULL, NULL),
(160, 'Maroon', 'Bread - Bistro White', 2007, 'Blue', 2, 2, NULL, NULL, NULL),
(161, 'Yellow', 'Orange Roughy 6/8 Oz', 1978, 'Pink', 5, 2, NULL, NULL, NULL),
(162, 'Khaki', 'Ham - Proscuitto', 1989, 'Indigo', 5, 1, NULL, NULL, NULL),
(163, 'Green', 'Puree - Pear', 2001, 'Puce', 5, 1, NULL, NULL, NULL),
(164, 'Goldenrod', 'Towels - Paper / Kraft', 2003, 'Puce', 4, 5, NULL, NULL, NULL),
(165, 'Mauv', 'Browning Caramel Glace', 55000, 'Indigo', 3, 5, NULL, NULL, NULL),
(166, 'Puce', 'Sesame Seed', 1996, 'Violet', 5, 2, NULL, NULL, NULL),
(167, 'Aquamarine', 'General Purpose Trigger', 1992, 'Turquoise', 5, 4, NULL, NULL, NULL),
(168, 'Aquamarine', 'Áo - Long, Chinese', 40000, 'Khaki', 5, 5, NULL, NULL, NULL),
(169, 'Indigo', 'Chicken - Livers', 2007, 'Indigo', 1, 2, NULL, NULL, NULL),
(170, 'Yellow', 'Cleaner - Comet', 1984, 'Goldenrod', 5, 4, NULL, NULL, NULL),
(171, 'Khaki', 'English Muffin', 2000, 'Mauv', 1, 3, NULL, NULL, NULL),
(172, 'Green', 'Beans - Fava, Canned', 2010, 'Red', 3, 2, NULL, NULL, NULL),
(173, 'Green', 'Muffin - Zero Transfat', 1997, 'Maroon', 2, 3, NULL, NULL, NULL),
(174, 'Puce', 'Wine - White, Riesling, Semi - Dry', 55000, 'Violet', 4, 3, NULL, NULL, NULL),
(175, 'Aquamarine', 'Truffle Cups - Brown', 45000, 'Blue', 1, 5, NULL, NULL, NULL),
(176, 'Puce', 'Cheese - Mozzarella, Buffalo', 80000, 'Indigo', 1, 2, NULL, NULL, NULL),
(177, 'Aquamarine', 'Chicken - Leg, Boneless', 2003, 'Violet', 5, 5, NULL, NULL, NULL),
(178, 'Green', 'Beans - Black Bean, Preserved', 1987, 'Maroon', 1, 5, NULL, NULL, NULL),
(179, 'Teal', 'Napkin Colour', 1984, 'Crimson', 2, 2, NULL, NULL, NULL),
(180, 'Red', 'Veal - Eye Of Round', 1997, 'Teal', 2, 2, NULL, NULL, NULL),
(181, 'Blue', 'Wiberg Cure', 70000, 'Fuscia', 2, 2, NULL, NULL, NULL),
(182, 'Aquamarine', 'Squid - Tubes / Tenticles 10/20', 1998, 'Puce', 5, 2, NULL, NULL, NULL),
(183, 'Yellow', 'Áo - Fish', 40000, 'Crimson', 1, 2, NULL, NULL, NULL),
(184, 'Yellow', 'Strawberries', 45000, 'Yellow', 4, 4, NULL, NULL, NULL),
(185, 'Teal', 'Ham - Proscuitto', 1992, 'Pink', 2, 1, NULL, NULL, NULL),
(186, 'Khaki', 'French Pastries', 50000, 'Purple', 4, 3, NULL, NULL, NULL),
(187, 'Violet', 'Dc - Frozen Momji', 2004, 'Crimson', 1, 4, NULL, NULL, NULL),
(188, 'Puce', 'Cheese - Bakers Cream Cheese', 90000, 'Blue', 4, 4, NULL, NULL, NULL),
(189, 'Pink', 'Pesto - Primerba, Paste', 80000, 'Crimson', 4, 3, NULL, NULL, NULL),
(190, 'Red', 'Turkey Leg With Drum And Thigh', 2003, 'Goldenrod', 3, 3, NULL, NULL, NULL),
(191, 'Purple', 'Ice Cream - Super Sandwich', 1983, 'Violet', 2, 4, NULL, NULL, NULL),
(192, 'Teal', 'Plastic Arrow Stir Stick', 80000, 'Orange', 3, 5, NULL, NULL, NULL),
(193, 'Pink', 'Glucose', 45000, 'Blue', 1, 3, NULL, NULL, NULL),
(194, 'Goldenrod', 'Sugar - Invert', 2010, 'Khaki', 4, 2, NULL, NULL, NULL),
(195, 'Crimson', 'Rum - Light, Captain Morgan', 1989, 'Violet', 2, 4, NULL, NULL, NULL),
(196, 'Blue', 'Mustard - Dijon', 70000, 'Fuscia', 4, 5, NULL, NULL, NULL),
(197, 'Violet', 'Tea - Herbal Sweet Dreams', 2010, 'Puce', 5, 4, NULL, NULL, NULL),
(198, 'Purple', 'Pork - Loin, Boneless', 1988, 'Turquoise', 2, 1, NULL, NULL, NULL),
(199, 'Pink', 'Carbonated Water - White Grape', 1996, 'Red', 1, 5, NULL, NULL, NULL),
(200, 'Green', 'Chicken - Ground', 50000, 'Blue', 5, 3, NULL, NULL, NULL),
(201, 'Indigo', 'Coconut - Shredded, Unsweet', 1989, 'Fuscia', 1, 3, NULL, NULL, NULL),
(202, 'Goldenrod', 'Mikes Hard Lemonade', 2001, 'Maroon', 5, 3, NULL, NULL, NULL),
(203, 'Violet', 'Sugar - Brown', 70000, 'Blue', 2, 5, NULL, NULL, NULL),
(204, 'Red', 'Chicken - Base', 1991, 'Maroon', 1, 4, NULL, NULL, NULL),
(205, 'Maroon', 'Tray - 16in Rnd Blk', 2007, 'Red', 3, 2, NULL, NULL, NULL),
(206, 'Goldenrod', 'Magnotta Bel Paese Red', 1998, 'Crimson', 2, 4, NULL, NULL, NULL),
(207, 'Yellow', 'Remy Red', 80000, 'Crimson', 4, 1, NULL, NULL, NULL),
(208, 'Puce', 'Wiberg Cure', 2010, 'Crimson', 2, 1, NULL, NULL, NULL),
(209, 'Indigo', 'Cheese Cloth No 100', 2002, 'Maroon', 3, 1, NULL, NULL, NULL),
(210, 'Teal', 'Coffee - Dark Roast', 70000, 'Puce', 4, 1, NULL, NULL, NULL),
(211, 'Khaki', 'Icecream - Dstk Cml And Fdg', 2010, 'Yellow', 1, 2, NULL, NULL, NULL),
(212, 'Indigo', 'Squash - Butternut', 1992, 'Aquamarine', 5, 1, NULL, NULL, NULL),
(213, 'Pink', 'Pastry - Plain Baked Croissant', 1996, 'Green', 5, 1, NULL, NULL, NULL),
(214, 'Fuscia', 'Appetizer - Southwestern', 2000, 'Goldenrod', 4, 4, NULL, NULL, NULL),
(215, 'Khaki', 'Dried Cherries', 50000, 'Crimson', 4, 4, NULL, NULL, NULL),
(216, 'Mauv', 'Potatoes - Yukon Gold, 80 Ct', 45000, 'Fuscia', 4, 5, NULL, NULL, NULL),
(217, 'Mauv', 'Tilapia - Fillets', 85000, 'Green', 1, 1, NULL, NULL, NULL),
(218, 'Aquamarine', 'Eggs - Extra Large', 1985, 'Green', 2, 4, NULL, NULL, NULL),
(219, 'Teal', 'Cake - Box Window 10x10x2.5', 2004, 'Pink', 5, 2, NULL, NULL, NULL),
(220, 'Khaki', 'Nectarines', 40000, 'Goldenrod', 4, 5, NULL, NULL, NULL),
(221, 'Pink', 'Calypso - Pineapple Passion', 40000, 'Fuscia', 5, 5, NULL, NULL, NULL),
(222, 'Blue', 'Huck White Towels', 45000, 'Crimson', 5, 3, NULL, NULL, NULL),
(223, 'Red', 'Wine - Casillero Del Diablo', 1997, 'Orange', 2, 2, NULL, NULL, NULL),
(224, 'Crimson', 'Áo - Pistoles, White', 1997, 'Orange', 4, 2, NULL, NULL, NULL),
(225, 'Maroon', 'Evaporated Milk - Skim', 2000, 'Orange', 1, 2, NULL, NULL, NULL),
(226, 'Yellow', 'Crab - Claws, Snow 16 - 24', 70000, 'Green', 1, 4, NULL, NULL, NULL),
(227, 'Crimson', 'Bread Base - Italian', 45000, 'Yellow', 3, 2, NULL, NULL, NULL),
(228, 'Blue', 'Pie Pecan', 2003, 'Puce', 4, 5, NULL, NULL, NULL),
(229, 'Goldenrod', 'Dooleys Toffee', 1990, 'Yellow', 5, 3, NULL, NULL, NULL),
(230, 'Goldenrod', 'Wine - Barolo Fontanafredda', 1997, 'Aquamarine', 1, 3, NULL, NULL, NULL),
(231, 'Blue', 'Mustard - Dry, Powder', 1994, 'Mauv', 5, 2, NULL, NULL, NULL),
(232, 'Goldenrod', 'Star Fruit', 2000, 'Fuscia', 1, 2, NULL, NULL, NULL),
(233, 'Indigo', 'Longos - Greek Salad', 2002, 'Purple', 5, 1, NULL, NULL, NULL),
(234, 'Indigo', 'Pastrami', 2002, 'Mauv', 4, 5, NULL, NULL, NULL),
(235, 'Crimson', 'Appetiser - Bought', 1985, 'Red', 2, 1, NULL, NULL, NULL),
(236, 'Pink', 'Soup Bowl Clear 8oz980000', 70000, 'Mauv', 2, 1, NULL, NULL, NULL),
(237, 'Turquoise', 'Shrimp - 21/25, Peel And Deviened', 2007, 'Crimson', 3, 5, NULL, NULL, NULL),
(238, 'Crimson', 'Sunflower Seed Raw', 90000, 'Aquamarine', 4, 1, NULL, NULL, NULL),
(239, 'Violet', 'Pasta - Canelloni, Single Serve', 1988, 'Khaki', 1, 1, NULL, NULL, NULL),
(240, 'Red', 'Ecolab Digiclean Mild Fm', 55000, 'Blue', 1, 4, NULL, NULL, NULL),
(241, 'Pink', 'Turkey - Breast, Bone - In', 80000, 'Teal', 1, 4, NULL, NULL, NULL),
(242, 'Orange', 'Cake Sheet Combo Party Pack', 90000, 'Red', 3, 3, NULL, NULL, NULL),
(243, 'Pink', 'Peppercorns - Pink', 2010, 'Aquamarine', 1, 4, NULL, NULL, NULL),
(244, 'Pink', 'Bread - Roll, Italian', 2001, 'Red', 4, 1, NULL, NULL, NULL),
(245, 'Mauv', 'Kiwi', 85000, 'Purple', 2, 1, NULL, NULL, NULL),
(246, 'Crimson', 'Petite Baguette', 85000, 'Fuscia', 4, 2, NULL, NULL, NULL),
(247, 'Yellow', 'Compound - Rum', 2000, 'Teal', 3, 5, NULL, NULL, NULL),
(248, 'Goldenrod', 'Squeeze Bottle', 2011, 'Yellow', 2, 1, NULL, NULL, NULL),
(249, 'Yellow', 'Lamb - Bones', 1985, 'Maroon', 2, 3, NULL, NULL, NULL),
(250, 'Blue', 'Juice - Ocean Spray Cranberry', 2001, 'Fuscia', 4, 3, NULL, NULL, NULL),
(251, 'Crimson', 'Wine - White, Pelee Island', 40000, 'Maroon', 1, 3, NULL, NULL, NULL),
(252, 'Yellow', 'Soup V8 Roasted Red Pepper', 45000, 'Khaki', 1, 2, NULL, NULL, NULL),
(253, 'Pink', 'Wine - Taylors Reserve', 55000, 'Green', 1, 2, NULL, NULL, NULL),
(254, 'Fuscia', 'Pickle - Dill', 55000, 'Goldenrod', 3, 5, NULL, NULL, NULL),
(255, 'Crimson', 'Cookies - Englishbay Chochip', 2000, 'Blue', 1, 3, NULL, NULL, NULL),
(256, 'Aquamarine', 'Cheese - Mozzarella, Buffalo', 2007, 'Green', 5, 3, NULL, NULL, NULL),
(257, 'Red', 'Parsley - Dried', 45000, 'Teal', 5, 2, NULL, NULL, NULL),
(258, 'Orange', 'Cocoa Powder - Dutched', 2002, 'Indigo', 5, 5, NULL, NULL, NULL),
(259, 'Indigo', 'Radish', 1997, 'Indigo', 4, 1, NULL, NULL, NULL),
(260, 'Blue', 'Ham - Virginia', 55000, 'Violet', 3, 1, NULL, NULL, NULL),
(261, 'Pink', 'Potatoes - Idaho 100 Count', 1996, 'Goldenrod', 4, 5, NULL, NULL, NULL),
(262, 'Orange', 'Wine - Pinot Noir Pond Haddock', 70000, 'Turquoise', 2, 1, NULL, NULL, NULL),
(263, 'Yellow', 'Cookie Choc', 1998, 'Khaki', 2, 3, NULL, NULL, NULL),
(264, 'Pink', 'Zucchini - Green', 80000, 'Green', 1, 4, NULL, NULL, NULL),
(265, 'Red', 'Oyster - In Shell', 50000, 'Orange', 1, 4, NULL, NULL, NULL),
(266, 'Pink', 'Pastry - Banana Tea Loaf', 45000, 'Turquoise', 2, 2, NULL, NULL, NULL),
(267, 'Violet', 'Áo - Havarti, Salsa', 80000, 'Green', 2, 5, NULL, NULL, NULL),
(268, 'Fuscia', 'Glycerine', 2007, 'Crimson', 4, 1, NULL, NULL, NULL),
(269, 'Orange', 'Wine - Sauvignon Blanc', 1992, 'Red', 3, 1, NULL, NULL, NULL),
(270, 'Red', 'Water - Spring Water, 355 Ml', 55000, 'Turquoise', 1, 1, NULL, NULL, NULL),
(271, 'Fuscia', 'Beer - Alexander Kieths, Pale Ale', 2004, 'Goldenrod', 5, 1, NULL, NULL, NULL),
(272, 'Blue', 'Quail - Whole, Boneless', 1989, 'Teal', 4, 2, NULL, NULL, NULL),
(273, 'Orange', 'Glucose', 1992, 'Maroon', 4, 1, NULL, NULL, NULL),
(274, 'Violet', 'Veal - Insides Provini', 2002, 'Indigo', 2, 3, NULL, NULL, NULL),
(275, 'Aquamarine', 'Muffin Carrot - Individual', 1989, 'Fuscia', 3, 4, NULL, NULL, NULL),
(276, 'Yellow', 'Cornstarch', 1997, 'Maroon', 2, 5, NULL, NULL, NULL),
(277, 'Indigo', 'Soup - Verve - Chipotle Chicken', 2007, 'Green', 5, 4, NULL, NULL, NULL),
(278, 'Mauv', 'Soup - Campbells Beef Noodle', 55000, 'Puce', 1, 5, NULL, NULL, NULL),
(279, 'Fuscia', 'Coconut - Creamed, Pure', 45000, 'Fuscia', 4, 5, NULL, NULL, NULL),
(280, 'Puce', 'Curry Powder Madras', 2004, 'Orange', 2, 5, NULL, NULL, NULL),
(281, 'Puce', 'Pepper - Orange', 2011, 'Green', 3, 3, NULL, NULL, NULL),
(282, 'Violet', 'Cod - Black Whole Fillet', 1964, 'Goldenrod', 3, 3, NULL, NULL, NULL),
(283, 'Teal', 'Lettuce - Treviso', 80000, 'Yellow', 2, 1, NULL, NULL, NULL),
(284, 'Green', 'Nut - Hazelnut, Whole', 1989, 'Mauv', 2, 5, NULL, NULL, NULL),
(285, 'Pink', 'Wiberg Super Cure', 2004, 'Mauv', 2, 4, NULL, NULL, NULL),
(286, 'Blue', 'Stock - Beef, White', 45000, 'Aquamarine', 3, 1, NULL, NULL, NULL),
(287, 'Crimson', 'Plastic Arrow Stir Stick', 2010, 'Crimson', 2, 2, NULL, NULL, NULL),
(288, 'Indigo', 'Soup - Knorr, Country Bean', 2003, 'Turquoise', 1, 1, NULL, NULL, NULL),
(289, 'Green', 'Flower - Commercial Bronze', 2000, 'Maroon', 1, 1, NULL, NULL, NULL),
(290, 'Green', 'Cucumber - Pickling Ontario', 2010, 'Aquamarine', 1, 3, NULL, NULL, NULL),
(291, 'Goldenrod', 'Towels - Paper / Kraft', 2010, 'Green', 4, 3, NULL, NULL, NULL),
(292, 'Yellow', 'Straw - Regular', 80000, 'Red', 5, 3, NULL, NULL, NULL),
(293, 'Blue', 'Plastic Arrow Stir Stick', 2000, 'Violet', 2, 5, NULL, NULL, NULL),
(294, 'Indigo', 'Milk - Buttermilk', 2004, 'Red', 1, 2, NULL, NULL, NULL),
(295, 'Maroon', 'Ice - Clear, 300 Lb For Carving', 70000, 'Khaki', 2, 3, NULL, NULL, NULL),
(296, 'Puce', 'Ham - Cooked', 1996, 'Crimson', 1, 3, NULL, NULL, NULL),
(297, 'Green', 'Flour - Rye', 1996, 'Purple', 5, 2, NULL, NULL, NULL),
(298, 'Maroon', 'Corn - On The Cob', 55000, 'Green', 1, 4, NULL, NULL, NULL),
(299, 'Turquoise', 'Beef - Flank Steak', 55000, 'Pink', 2, 4, NULL, NULL, NULL),
(300, 'Fuscia', 'Lamb - Pieces, Diced', 2013, 'Green', 3, 3, NULL, NULL, NULL),
(301, 'Aquamarine', 'Lettuce - Boston Bib - Organic', 2003, 'Mauv', 5, 3, NULL, NULL, NULL),
(302, 'Orange', 'Salt - Seasoned', 2010, 'Crimson', 4, 1, NULL, NULL, NULL),
(303, 'Turquoise', 'Potatoes - Mini White 3 Oz', 1994, 'Violet', 5, 3, NULL, NULL, NULL),
(304, 'Aquamarine', 'Cheese - Camembert', 2010, 'Crimson', 1, 3, NULL, NULL, NULL),
(305, 'Pink', 'Banana - Green', 2011, 'Pink', 5, 2, NULL, NULL, NULL),
(306, 'Orange', 'Beer - Camerons Auburn', 1994, 'Teal', 5, 2, NULL, NULL, NULL),
(307, 'Orange', 'Soup - Verve - Chipotle Chicken', 80000, 'Pink', 1, 2, NULL, NULL, NULL),
(308, 'Violet', 'Cheese - Grie Des Champ', 80000, 'Goldenrod', 5, 1, NULL, NULL, NULL),
(309, 'Turquoise', 'Wine - Port Late Bottled Vintage', 2002, 'Mauv', 1, 4, NULL, NULL, NULL),
(310, 'Purple', 'Ecolab - Solid Fusion', 1990, 'Yellow', 2, 1, NULL, NULL, NULL),
(311, 'Goldenrod', 'Oil - Sesame', 1987, 'Orange', 3, 4, NULL, NULL, NULL),
(312, 'Green', 'Crab Brie In Phyllo', 2004, 'Maroon', 3, 4, NULL, NULL, NULL),
(313, 'Puce', 'Shiratamako - Rice Flour', 2010, 'Yellow', 1, 3, NULL, NULL, NULL),
(314, 'Blue', 'Allspice - Jamaican', 1990, 'Khaki', 2, 5, NULL, NULL, NULL),
(315, 'Teal', 'Trout - Rainbow, Frozen', 1991, 'Maroon', 2, 2, NULL, NULL, NULL),
(316, 'Yellow', 'Buffalo - Tenderloin', 2002, 'Orange', 4, 4, NULL, NULL, NULL),
(317, 'Mauv', 'Pork - Loin, Center Cut', 2013, 'Aquamarine', 4, 4, NULL, NULL, NULL),
(318, 'Blue', 'Bread - Dark Rye', 70000, 'Purple', 1, 1, NULL, NULL, NULL),
(319, 'Pink', 'Dome Lid Clear P980000h', 55000, 'Blue', 3, 2, NULL, NULL, NULL),
(320, 'Crimson', 'Cranberry Foccacia', 1987, 'Khaki', 2, 3, NULL, NULL, NULL),
(321, 'Fuscia', 'Stainless Steel Cleaner Vision', 1987, 'Aquamarine', 1, 4, NULL, NULL, NULL),
(322, 'Violet', 'Soup - Base Broth Chix', 45000, 'Puce', 3, 2, NULL, NULL, NULL),
(323, 'Maroon', 'Cheese - Swiss Sliced', 85000, 'Yellow', 4, 4, NULL, NULL, NULL),
(324, 'Turquoise', 'Peppercorns - Pink', 2007, 'Blue', 1, 5, NULL, NULL, NULL),
(325, 'Violet', 'Veal - Inside', 2004, 'Aquamarine', 5, 1, NULL, NULL, NULL),
(326, 'Crimson', 'Lotus Rootlets - Canned', 2004, 'Turquoise', 4, 4, NULL, NULL, NULL),
(327, 'Violet', 'Áo - Backfat', 2000, 'Pink', 3, 2, NULL, NULL, NULL),
(328, 'Pink', 'Pork - Inside', 2011, 'Maroon', 5, 1, NULL, NULL, NULL),
(329, 'Purple', 'White Baguette', 40000, 'Turquoise', 3, 3, NULL, NULL, NULL),
(330, 'Orange', 'Áo - Orange', 55000, 'Yellow', 4, 4, NULL, NULL, NULL),
(331, 'Indigo', 'Sauce - Soy Low Sodium - 3.87l', 2010, 'Red', 3, 4, NULL, NULL, NULL),
(332, 'Red', 'Cranberries - Fresh', 1985, 'Turquoise', 5, 3, NULL, NULL, NULL),
(333, 'Yellow', 'Bread - Focaccia Quarter', 2007, 'Pink', 5, 5, NULL, NULL, NULL),
(334, 'Khaki', 'Yogurt - Blueberry, 175 Gr', 2002, 'Orange', 1, 3, NULL, NULL, NULL),
(335, 'Blue', 'Savory', 2007, 'Khaki', 1, 4, NULL, NULL, NULL),
(336, 'Blue', 'Áo Foccacia', 85000, 'Blue', 4, 1, NULL, NULL, NULL),
(337, 'Maroon', 'Muffin - Zero Transfat', 2002, 'Mauv', 4, 2, NULL, NULL, NULL),
(338, 'Maroon', 'Áo - Cappellini, Dry', 85000, 'Blue', 2, 1, NULL, NULL, NULL),
(339, 'Red', 'Calaloo', 2007, 'Teal', 2, 5, NULL, NULL, NULL),
(340, 'Pink', 'Mushroom - Enoki, Dry', 45000, 'Green', 2, 4, NULL, NULL, NULL),
(341, 'Green', 'Pork - Back Ribs', 50000, 'Yellow', 1, 3, NULL, NULL, NULL),
(342, 'Fuscia', 'Beef - Rouladin, Sliced', 1996, 'Green', 3, 2, NULL, NULL, NULL),
(343, 'Puce', 'Pasta - Cannelloni, Sheets, Fresh', 85000, 'Red', 2, 2, NULL, NULL, NULL),
(344, 'Indigo', 'Table Cloth 120 Round White', 40000, 'Yellow', 4, 3, NULL, NULL, NULL),
(345, 'Blue', 'Beef - Inside Round', 1998, 'Khaki', 3, 5, NULL, NULL, NULL),
(346, 'Fuscia', 'Cream - 10%', 90000, 'Khaki', 1, 5, NULL, NULL, NULL),
(347, 'Violet', 'Wine - Remy Pannier Rose', 50000, 'Goldenrod', 1, 1, NULL, NULL, NULL),
(348, 'Yellow', 'Wine - Ej Gallo Sonoma', 2003, 'Orange', 5, 5, NULL, NULL, NULL),
(349, 'Yellow', 'Bok Choy - Baby', 55000, 'Maroon', 2, 5, NULL, NULL, NULL),
(350, 'Blue', 'Clementine', 45000, 'Crimson', 3, 2, NULL, NULL, NULL),
(351, 'Puce', 'Trout - Hot Smkd, Dbl Fillet', 1968, 'Mauv', 1, 3, NULL, NULL, NULL),
(352, 'Turquoise', 'Calaloo', 70000, 'Pink', 3, 5, NULL, NULL, NULL),
(353, 'Yellow', 'Towel - Roll White', 1996, 'Red', 1, 5, NULL, NULL, NULL),
(354, 'Goldenrod', 'Chocolate - Mi - Amere Semi', 85000, 'Crimson', 2, 4, NULL, NULL, NULL),
(355, 'Teal', 'Wine - Prosecco Valdobiaddene', 2013, 'Indigo', 1, 4, NULL, NULL, NULL),
(356, 'Pink', 'Bread - 10 Grain', 1966, 'Blue', 2, 2, NULL, NULL, NULL),
(357, 'Puce', 'Flour - Pastry', 2010, 'Red', 1, 5, NULL, NULL, NULL),
(358, 'Purple', 'Pork - Belly Fresh', 1954, 'Orange', 3, 2, NULL, NULL, NULL),
(359, 'Crimson', 'Broom - Corn', 1991, 'Aquamarine', 4, 3, NULL, NULL, NULL),
(360, 'Violet', 'Curry Powder', 2004, 'Mauv', 1, 2, NULL, NULL, NULL),
(361, 'Violet', 'Container - Clear 16 Oz', 1997, 'Blue', 1, 1, NULL, NULL, NULL),
(362, 'Aquamarine', 'Dikon', 55000, 'Purple', 2, 1, NULL, NULL, NULL),
(363, 'Aquamarine', 'Grapes - Black', 2011, 'Red', 4, 2, NULL, NULL, NULL),
(364, 'Crimson', 'Isomalt', 55000, 'Fuscia', 3, 2, NULL, NULL, NULL),
(365, 'Pink', 'Áo - Live In Shell', 85000, 'Indigo', 5, 2, NULL, NULL, NULL),
(366, 'Khaki', 'French Kiss Vanilla', 85000, 'Green', 5, 2, NULL, NULL, NULL),
(367, 'Blue', 'Shortbread - Cookie Crumbs', 2004, 'Mauv', 5, 5, NULL, NULL, NULL),
(368, 'Goldenrod', 'Bread - Rye', 40000, 'Maroon', 3, 3, NULL, NULL, NULL),
(369, 'Yellow', 'Quiche Assorted', 1984, 'Goldenrod', 1, 4, NULL, NULL, NULL),
(370, 'Fuscia', 'Salmon - Fillets', 70000, 'Blue', 4, 5, NULL, NULL, NULL),
(371, 'Indigo', 'Bread - Pita, Mini', 70000, 'Teal', 1, 5, NULL, NULL, NULL),
(372, 'Maroon', 'Thyme - Lemon, Fresh', 1992, 'Violet', 1, 3, NULL, NULL, NULL),
(373, 'Yellow', 'Wine - Rhine Riesling Wolf Blass', 80000, 'Orange', 3, 2, NULL, NULL, NULL),
(374, 'Fuscia', 'Pepper - Paprika, Hungarian', 1994, 'Crimson', 5, 5, NULL, NULL, NULL),
(375, 'Mauv', 'Turkey - Breast, Bone - In', 2011, 'Teal', 5, 2, NULL, NULL, NULL),
(376, 'Blue', 'Bread - Crusty Italian Poly', 50000, 'Mauv', 2, 3, NULL, NULL, NULL),
(377, 'Aquamarine', 'Seedlings - Mix, Organic', 45000, 'Pink', 1, 5, NULL, NULL, NULL),
(378, 'Red', 'Squash - Butternut', 45000, 'Green', 4, 5, NULL, NULL, NULL),
(379, 'Puce', 'Kellogs Raisan Bran Bars', 1987, 'Blue', 5, 2, NULL, NULL, NULL),
(380, 'Puce', 'Cup Translucent 9 Oz', 40000, 'Goldenrod', 1, 5, NULL, NULL, NULL),
(381, 'Red', 'Mushroom - Enoki, Dry', 1997, 'Orange', 2, 3, NULL, NULL, NULL),
(382, 'Puce', 'Heavy Duty Dust Pan', 2001, 'Purple', 4, 1, NULL, NULL, NULL),
(383, 'Khaki', 'Haggis', 2007, 'Fuscia', 5, 3, NULL, NULL, NULL),
(384, 'Teal', 'Table Cloth 62x114 White', 2000, 'Teal', 1, 3, NULL, NULL, NULL),
(385, 'Pink', 'Chinese Lemon Pork', 1996, 'Mauv', 1, 5, NULL, NULL, NULL),
(386, 'Orange', 'Áo - Pearl', 45000, 'Indigo', 2, 2, NULL, NULL, NULL),
(387, 'Green', 'Wine - Balbach Riverside', 1991, 'Indigo', 3, 4, NULL, NULL, NULL),
(388, 'Pink', 'Áo Glycerine', 90000, 'Teal', 5, 1, NULL, NULL, NULL),
(389, 'Fuscia', 'Juice - Pineapple, 341 Ml', 1994, 'Khaki', 1, 2, NULL, NULL, NULL),
(390, 'Aquamarine', 'Nori Sea Weed', 2004, 'Puce', 4, 5, NULL, NULL, NULL),
(391, 'Indigo', 'Cherries - Frozen', 45000, 'Turquoise', 1, 3, NULL, NULL, NULL),
(392, 'Teal', 'Spice - Montreal Steak Spice', 2003, 'Red', 5, 5, NULL, NULL, NULL),
(393, 'Orange', 'Wine - Savigny - Les - Beaune', 2007, 'Violet', 2, 5, NULL, NULL, NULL),
(394, 'Indigo', 'Wine - Prosecco Valdobiaddene', 85000, 'Mauv', 4, 4, NULL, NULL, NULL),
(395, 'Green', 'Wine - Zinfandel California 2002', 2011, 'Violet', 5, 5, NULL, NULL, NULL),
(396, 'Maroon', 'Pork - Caul Fat', 55000, 'Blue', 3, 3, NULL, NULL, NULL),
(397, 'Turquoise', 'Chestnuts - Whole,canned', 1998, 'Orange', 3, 2, NULL, NULL, NULL),
(398, 'Khaki', 'Lamb - Racks, Frenched', 40000, 'Khaki', 5, 2, NULL, NULL, NULL),
(399, 'Pink', 'Buffalo - Short Rib Fresh', 50000, 'Red', 2, 3, NULL, NULL, NULL),
(400, 'Indigo', 'Kumquat', 1998, 'Violet', 4, 2, NULL, NULL, NULL),
(401, 'Mauv', 'Soup - Knorr, French Onion', 1992, 'Blue', 3, 1, NULL, NULL, NULL),
(402, 'Turquoise', 'Beer - Maudite', 90000, 'Orange', 3, 4, NULL, NULL, NULL),
(403, 'Green', 'Bulgar', 2007, 'Crimson', 1, 4, NULL, NULL, NULL),
(404, 'Maroon', 'Áo - White, Chardonnay', 90000, 'Pink', 2, 2, NULL, NULL, NULL),
(405, 'Red', 'Tea - Mint', 1994, 'Mauv', 4, 3, NULL, NULL, NULL),
(406, 'Indigo', 'Sweet Pea Sprouts', 1997, 'Crimson', 1, 4, NULL, NULL, NULL),
(407, 'Red', 'Langers - Cranberry Cocktail', 1989, 'Purple', 2, 4, NULL, NULL, NULL),
(408, 'Puce', 'Pork - Smoked Back Bacon', 1994, 'Purple', 3, 2, NULL, NULL, NULL),
(409, 'Crimson', 'Chutney Sauce - Mango', 50000, 'Orange', 1, 4, NULL, NULL, NULL),
(410, 'Green', 'Áo - Orange', 85000, 'Aquamarine', 3, 1, NULL, NULL, NULL),
(411, 'Green', 'Pastry - Chocolate Marble Tea', 55000, 'Mauv', 2, 1, NULL, NULL, NULL),
(412, 'Maroon', 'Wine - Spumante Bambino White', 1994, 'Teal', 3, 5, NULL, NULL, NULL),
(413, 'Maroon', 'Áo - Apple Green Tea', 70000, 'Aquamarine', 1, 4, NULL, NULL, NULL),
(414, 'Pink', 'Salt - Kosher', 40000, 'Maroon', 5, 2, NULL, NULL, NULL),
(415, 'Violet', 'Pepper - Chipotle, Canned', 1998, 'Purple', 2, 3, NULL, NULL, NULL),
(416, 'Blue', 'Guava', 2004, 'Khaki', 4, 5, NULL, NULL, NULL),
(417, 'Khaki', 'Bouq All Italian - Primerba', 2003, 'Goldenrod', 4, 3, NULL, NULL, NULL),
(418, 'Purple', 'Cheese - Brie, Triple Creme', 2007, 'Indigo', 1, 1, NULL, NULL, NULL),
(419, 'Maroon', 'Turkey Tenderloin Frozen', 2007, 'Turquoise', 2, 5, NULL, NULL, NULL),
(420, 'Yellow', 'Pepper - Red Chili', 70000, 'Green', 5, 1, NULL, NULL, NULL),
(421, 'Mauv', 'Soup Campbells - Tomato Bisque', 85000, 'Goldenrod', 3, 5, NULL, NULL, NULL),
(422, 'Crimson', 'Cheese - Augre Des Champs', 2007, 'Turquoise', 1, 2, NULL, NULL, NULL),
(423, 'Teal', 'Lettuce - Treviso', 2002, 'Turquoise', 5, 5, NULL, NULL, NULL),
(424, 'Indigo', 'Pepper - White, Whole', 50000, 'Orange', 3, 2, NULL, NULL, NULL),
(425, 'Indigo', 'Creme De Banane - Marie', 85000, 'Mauv', 5, 2, NULL, NULL, NULL),
(426, 'Green', 'Cabbage Roll', 1975, 'Maroon', 4, 1, NULL, NULL, NULL),
(427, 'Red', 'Filling - Mince Meat', 55000, 'Maroon', 4, 3, NULL, NULL, NULL),
(428, 'Purple', 'Chicken - Ground', 45000, 'Turquoise', 3, 2, NULL, NULL, NULL),
(429, 'Orange', 'Bay Leaf Ground', 1992, 'Fuscia', 1, 4, NULL, NULL, NULL),
(430, 'Green', 'Tea Peppermint', 90000, 'Teal', 3, 4, NULL, NULL, NULL),
(431, 'Turquoise', 'Trueblue - Blueberry 12x473ml', 90000, 'Red', 3, 4, NULL, NULL, NULL),
(432, 'Purple', 'Duck - Whole', 1990, 'Crimson', 2, 4, NULL, NULL, NULL),
(433, 'Mauv', 'Beef - Prime Rib Aaa', 45000, 'Blue', 4, 3, NULL, NULL, NULL),
(434, 'Indigo', 'Yoplait Drink', 2007, 'Indigo', 3, 4, NULL, NULL, NULL),
(435, 'Mauv', 'Brandy Apricot', 1987, 'Red', 2, 4, NULL, NULL, NULL),
(436, 'Maroon', 'Sauce - Hoisin', 1998, 'Green', 3, 5, NULL, NULL, NULL),
(437, 'Turquoise', 'Juice - Orange, 341 Ml', 85000, 'Teal', 5, 2, NULL, NULL, NULL),
(438, 'Purple', 'Quail - Whole, Boneless', 1992, 'Violet', 3, 2, NULL, NULL, NULL),
(439, 'Mauv', 'Coffee - Decafenated', 2002, 'Teal', 3, 4, NULL, NULL, NULL),
(440, 'Mauv', 'Table Cloth 54x54 White', 2003, 'Crimson', 3, 5, NULL, NULL, NULL),
(441, 'Khaki', 'Corn - On The Cob', 85000, 'Puce', 3, 3, NULL, NULL, NULL),
(442, 'Violet', 'Sobe - Liz Blizz', 70000, 'Indigo', 2, 5, NULL, NULL, NULL),
(443, 'Red', 'Trout - Hot Smkd, Dbl Fillet', 2000, 'Turquoise', 1, 3, NULL, NULL, NULL),
(444, 'Crimson', 'Ice Cream - Vanilla', 70000, 'Turquoise', 5, 4, NULL, NULL, NULL),
(445, 'Orange', 'Ice Cream - Strawberry', 2002, 'Yellow', 3, 4, NULL, NULL, NULL),
(446, 'Aquamarine', 'Beans - Kidney, Canned', 90000, 'Fuscia', 2, 3, NULL, NULL, NULL),
(447, 'Crimson', 'Sole - Dover, Whole, Fresh', 80000, 'Khaki', 2, 4, NULL, NULL, NULL),
(448, 'Orange', 'Crab - Dungeness, Whole, live', 1987, 'Mauv', 2, 1, NULL, NULL, NULL),
(449, 'Purple', 'Soup - Campbells, Spinach Crm', 2010, 'Pink', 3, 1, NULL, NULL, NULL),
(450, 'Maroon', 'Steamers White', 85000, 'Fuscia', 3, 1, NULL, NULL, NULL),
(451, 'Pink', 'Noodles - Cellophane, Thin', 2001, 'Pink', 5, 4, NULL, NULL, NULL),
(452, 'Goldenrod', 'Doilies - 5, Paper', 80000, 'Green', 1, 4, NULL, NULL, NULL),
(453, 'Orange', 'Longan', 55000, 'Mauv', 5, 3, NULL, NULL, NULL),
(454, 'Puce', 'Eggwhite Frozen', 2004, 'Crimson', 3, 2, NULL, NULL, NULL),
(455, 'Teal', 'Mace Ground', 2010, 'Violet', 3, 4, NULL, NULL, NULL),
(456, 'Yellow', 'Wine - Sicilia Igt Nero Avola', 1964, 'Goldenrod', 5, 5, NULL, NULL, NULL),
(457, 'Puce', 'Wine - Chianti Classico Riserva', 1985, 'Aquamarine', 4, 3, NULL, NULL, NULL),
(458, 'Goldenrod', 'Soup Campbells Turkey Veg.', 1987, 'Violet', 5, 5, NULL, NULL, NULL),
(459, 'Orange', 'Cleaner - Bleach', 1994, 'Puce', 2, 1, NULL, NULL, NULL),
(460, 'Khaki', 'Lemonade - Strawberry, 591 Ml', 2003, 'Mauv', 3, 5, NULL, NULL, NULL),
(461, 'Goldenrod', 'Áo - Firm', 70000, 'Purple', 1, 4, NULL, NULL, NULL),
(462, 'Violet', 'Spice - Pepper Portions', 1996, 'Indigo', 5, 1, NULL, NULL, NULL),
(463, 'Green', 'Papayas', 2010, 'Red', 2, 2, NULL, NULL, NULL),
(464, 'Red', 'Pork - Bacon Cooked Slcd', 1997, 'Puce', 1, 3, NULL, NULL, NULL),
(465, 'Puce', 'Veal - Round, Eye Of', 2011, 'Green', 4, 1, NULL, NULL, NULL),
(466, 'Blue', 'Walkers Special Old Whiskey', 85000, 'Fuscia', 1, 5, NULL, NULL, NULL),
(467, 'Crimson', 'Pickles - Gherkins', 2011, 'Crimson', 3, 4, NULL, NULL, NULL),
(468, 'Yellow', 'Aspic - Amber', 2001, 'Turquoise', 3, 5, NULL, NULL, NULL),
(469, 'Blue', 'Drambuie', 1994, 'Mauv', 5, 3, NULL, NULL, NULL),
(470, 'Orange', 'Ecolab - Hobart Upr Prewash Arm', 2004, 'Maroon', 5, 3, NULL, NULL, NULL),
(471, 'Puce', 'Hot Choc Vending', 2001, 'Maroon', 3, 5, NULL, NULL, NULL),
(472, 'Yellow', 'Island Oasis - Ice Cream Mix', 2004, 'Aquamarine', 1, 3, NULL, NULL, NULL),
(473, 'Crimson', 'Sauce - Apple, Unsweetened', 1984, 'Pink', 4, 5, NULL, NULL, NULL),
(474, 'Khaki', 'Toamtoes 6x7 Select', 1998, 'Aquamarine', 4, 1, NULL, NULL, NULL),
(475, 'Turquoise', 'Marzipan 50/50', 1994, 'Red', 4, 1, NULL, NULL, NULL),
(476, 'Fuscia', 'Bread - Roll, Italian', 90000, 'Green', 4, 5, NULL, NULL, NULL),
(477, 'Yellow', 'Tabasco Sauce, 2 Oz', 40000, 'Turquoise', 2, 5, NULL, NULL, NULL),
(478, 'Khaki', 'Pasta - Cheese / Spinach Bauletti', 2002, 'Purple', 3, 3, NULL, NULL, NULL),
(479, 'Khaki', 'Venison - Racks Frenched', 50000, 'Teal', 3, 3, NULL, NULL, NULL),
(480, 'Goldenrod', 'Áo - Prosecco Valdobienne', 55000, 'Maroon', 3, 3, NULL, NULL, NULL),
(481, 'Yellow', 'Cheese - Valancey', 2007, 'Blue', 3, 1, NULL, NULL, NULL),
(482, 'Puce', 'Lettuce - Romaine, Heart', 2011, 'Indigo', 2, 2, NULL, NULL, NULL),
(483, 'Indigo', 'Brandy Apricot', 50000, 'Red', 4, 1, NULL, NULL, NULL),
(484, 'Indigo', 'Pants Custom Dry Clean', 2013, 'Indigo', 3, 5, NULL, NULL, NULL),
(485, 'Maroon', 'Grapefruit - Pink', 1994, 'Purple', 5, 3, NULL, NULL, NULL),
(486, 'Fuscia', 'Pastry - Chocolate Marble Tea', 2011, 'Fuscia', 4, 2, NULL, NULL, NULL),
(487, 'Yellow', 'Muffin Mix - Chocolate Chip', 40000, 'Pink', 4, 1, NULL, NULL, NULL),
(488, 'Goldenrod', 'Lemonade - Island Tea, 591 Ml', 2004, 'Purple', 3, 4, NULL, NULL, NULL),
(489, 'Violet', 'Table Cloth 53x53 White', 2004, 'Green', 4, 4, NULL, NULL, NULL),
(490, 'Aquamarine', 'Eggplant Italian', 1991, 'Crimson', 2, 4, NULL, NULL, NULL),
(491, 'Green', 'Pastry - Cheese Baked Scones', 2003, 'Aquamarine', 5, 3, NULL, NULL, NULL),
(492, 'Purple', 'Wine - Red Oakridge Merlot', 1988, 'Green', 4, 3, NULL, NULL, NULL),
(493, 'Mauv', 'Wine - Shiraz South Eastern', 1994, 'Indigo', 1, 2, NULL, NULL, NULL),
(494, 'Puce', 'Veal - Insides, Grains', 2010, 'Aquamarine', 2, 4, NULL, NULL, NULL),
(495, 'Purple', 'Tomatoes - Roma', 2007, 'Green', 4, 5, NULL, NULL, NULL),
(496, 'Goldenrod', 'Pheasants - Whole', 2010, 'Turquoise', 2, 5, NULL, NULL, NULL),
(497, 'Mauv', 'Bread - Pumpernickel', 2003, 'Aquamarine', 1, 5, NULL, NULL, NULL),
(498, 'Orange', 'Crush - Orange, 355ml', 45000, 'Khaki', 3, 2, NULL, NULL, NULL),
(499, 'Mauv', 'Cup - 3.5oz, Foam', 1966, 'Red', 5, 2, NULL, NULL, NULL),
(500, 'Aquamarine', 'Wine - Gewurztraminer Pierre', 2011, 'Yellow', 3, 4, NULL, NULL, NULL),
(501, 'Indigo', 'Áo - Red Wine', 50000, 'Green', 1, 4, NULL, NULL, NULL),
(502, 'Blue', 'Pepper - Julienne, Frozen', 2011, 'Turquoise', 3, 3, NULL, NULL, NULL),
(503, 'Violet', 'Pepper - Orange', 1985, 'Goldenrod', 1, 4, NULL, NULL, NULL),
(504, 'Crimson', 'Mayonnaise', 1998, 'Red', 4, 3, NULL, NULL, NULL),
(505, 'Goldenrod', 'Alize Gold Passion', 2003, 'Goldenrod', 4, 1, NULL, NULL, NULL),
(506, 'Goldenrod', 'Áo - Rotini, Dry', 45000, 'Yellow', 2, 5, NULL, NULL, NULL),
(507, 'Khaki', 'Pastry - French Mini Assorted', 2004, 'Khaki', 1, 3, NULL, NULL, NULL),
(508, 'Mauv', 'Lychee', 1996, 'Crimson', 5, 2, NULL, NULL, NULL),
(509, 'Yellow', 'Wine - Magnotta - Red, Baco', 1997, 'Indigo', 2, 5, NULL, NULL, NULL),
(510, 'Turquoise', 'Buffalo - Short Rib Fresh', 2004, 'Green', 1, 2, NULL, NULL, NULL),
(511, 'Blue', 'Vanilla Beans', 1948, 'Puce', 5, 5, NULL, NULL, NULL),
(512, 'Crimson', 'Banana - Leaves', 1994, 'Red', 1, 5, NULL, NULL, NULL),
(513, 'Yellow', 'Pan Grease', 2004, 'Maroon', 2, 3, NULL, NULL, NULL),
(514, 'Purple', 'Shiratamako - Rice Flour', 70000, 'Maroon', 1, 1, NULL, NULL, NULL),
(515, 'Goldenrod', 'Pernod', 90000, 'Crimson', 2, 5, NULL, NULL, NULL),
(516, 'Goldenrod', 'Pepper - Chilli Seeds Mild', 50000, 'Green', 3, 3, NULL, NULL, NULL),
(517, 'Red', 'Juice - Apple Cider', 2000, 'Indigo', 4, 4, NULL, NULL, NULL),
(518, 'Turquoise', 'Pimento - Canned', 1990, 'Teal', 2, 4, NULL, NULL, NULL),
(519, 'Pink', 'Food Colouring - Red', 50000, 'Khaki', 2, 5, NULL, NULL, NULL),
(520, 'Violet', 'Flour - All Purpose', 55000, 'Goldenrod', 5, 3, NULL, NULL, NULL),
(521, 'Green', 'Pineapple - Canned, Rings', 2000, 'Khaki', 2, 1, NULL, NULL, NULL),
(522, 'Goldenrod', 'Broom And Broom Rack White', 1965, 'Blue', 5, 3, NULL, NULL, NULL),
(523, 'Green', 'Bread - Roll, Calabrese', 2004, 'Crimson', 4, 2, NULL, NULL, NULL),
(524, 'Purple', 'Soup - Campbells, Chix Gumbo', 2003, 'Goldenrod', 3, 5, NULL, NULL, NULL),
(525, 'Orange', 'Veal - Ground', 1994, 'Goldenrod', 1, 2, NULL, NULL, NULL),
(526, 'Orange', 'Yoghurt Tubes', 80000, 'Puce', 4, 1, NULL, NULL, NULL),
(527, 'Fuscia', 'Chips - Miss Vickies', 1994, 'Violet', 3, 3, NULL, NULL, NULL),
(528, 'Aquamarine', 'Wine - Jafflin Bourgongone', 1985, 'Orange', 2, 5, NULL, NULL, NULL),
(529, 'Pink', 'Tomatoes Tear Drop', 45000, 'Blue', 5, 5, NULL, NULL, NULL),
(530, 'Indigo', 'Mousse - Banana Chocolate', 2001, 'Goldenrod', 4, 5, NULL, NULL, NULL),
(531, 'Turquoise', 'Juice - Lemon', 80000, 'Blue', 5, 1, NULL, NULL, NULL),
(532, 'Fuscia', 'Pepper - Red Thai', 2007, 'Mauv', 2, 4, NULL, NULL, NULL),
(533, 'Khaki', 'Áo - 600ml', 70000, 'Aquamarine', 4, 5, NULL, NULL, NULL),
(534, 'Fuscia', 'Veal - Nuckle', 45000, 'Khaki', 5, 1, NULL, NULL, NULL),
(535, 'Pink', 'Wine - Red, Lurton Merlot De', 85000, 'Aquamarine', 1, 1, NULL, NULL, NULL),
(536, 'Green', 'Milk - 2% 250 Ml', 80000, 'Khaki', 4, 1, NULL, NULL, NULL),
(537, 'Red', 'Bread - 10 Grain', 1973, 'Pink', 5, 3, NULL, NULL, NULL),
(538, 'Yellow', 'Aromat Spice / Seasoning', 1996, 'Fuscia', 1, 3, NULL, NULL, NULL),
(539, 'Pink', 'Curry Powder Madras', 2011, 'Crimson', 5, 3, NULL, NULL, NULL),
(540, 'Goldenrod', 'Oats Large Flake', 90000, 'Aquamarine', 3, 1, NULL, NULL, NULL),
(541, 'Indigo', 'Tea - Herbal I Love Lemon', 45000, 'Aquamarine', 5, 1, NULL, NULL, NULL),
(542, 'Goldenrod', 'Mushroom - King Eryingii', 80000, 'Crimson', 3, 4, NULL, NULL, NULL),
(543, 'Indigo', 'Tumeric', 1998, 'Crimson', 1, 2, NULL, NULL, NULL),
(544, 'Pink', 'Cheese - Victor Et Berthold', 90000, 'Pink', 1, 1, NULL, NULL, NULL),
(545, 'Maroon', 'Sprite, Diet - 355ml', 40000, 'Purple', 4, 2, NULL, NULL, NULL),
(546, 'Mauv', 'Butter Ripple - Phillips', 45000, 'Pink', 5, 3, NULL, NULL, NULL),
(547, 'Khaki', 'Turkey - Breast, Double', 1992, 'Khaki', 1, 5, NULL, NULL, NULL),
(548, 'Mauv', 'Wine - White, Gewurtzraminer', 2011, 'Turquoise', 1, 5, NULL, NULL, NULL),
(549, 'Fuscia', 'Turnip - White', 2001, 'Green', 3, 1, NULL, NULL, NULL),
(550, 'Purple', 'Nori Sea Weed', 2007, 'Goldenrod', 4, 3, NULL, NULL, NULL),
(551, 'Orange', 'Skirt - 29 Foot', 1984, 'Turquoise', 2, 2, NULL, NULL, NULL),
(552, 'Pink', 'Chick Peas - Canned', 2010, 'Orange', 5, 4, NULL, NULL, NULL),
(553, 'Orange', 'Áo - Ruby Red Grapfruit', 50000, 'Aquamarine', 4, 5, NULL, NULL, NULL),
(554, 'Green', 'Crackers - Water', 2002, 'Indigo', 5, 3, NULL, NULL, NULL),
(555, 'Crimson', 'Arctic Char - Fillets', 40000, 'Fuscia', 5, 3, NULL, NULL, NULL),
(556, 'Violet', 'Muffin - Blueberry Individual', 1998, 'Crimson', 4, 1, NULL, NULL, NULL),
(557, 'Indigo', 'Wine - Sauvignon Blanc', 45000, 'Violet', 1, 4, NULL, NULL, NULL),
(558, 'Purple', 'Long Island Ice Tea', 1994, 'Teal', 5, 4, NULL, NULL, NULL),
(559, 'Indigo', 'Stock - Veal, White', 2011, 'Khaki', 1, 1, NULL, NULL, NULL),
(560, 'Mauv', 'Beans - Fava Fresh', 1990, 'Goldenrod', 1, 3, NULL, NULL, NULL),
(561, 'Maroon', 'Sterno - Chafing Dish Fuel', 80000, 'Mauv', 4, 1, NULL, NULL, NULL),
(562, 'Fuscia', 'Veal - Inside', 2000, 'Yellow', 1, 4, NULL, NULL, NULL),
(563, 'Goldenrod', 'Bouq All Italian - Primerba', 2003, 'Violet', 2, 5, NULL, NULL, NULL),
(564, 'Blue', 'Bread Country Roll', 50000, 'Maroon', 5, 4, NULL, NULL, NULL),
(565, 'Maroon', 'Wine - Vineland Estate Semi - Dry', 2007, 'Orange', 5, 5, NULL, NULL, NULL),
(566, 'Pink', 'Radish - Pickled', 1985, 'Mauv', 5, 1, NULL, NULL, NULL),
(567, 'Aquamarine', 'Hipnotiq Liquor', 40000, 'Teal', 4, 1, NULL, NULL, NULL),
(568, 'Pink', 'Cabbage - Green', 55000, 'Blue', 5, 2, NULL, NULL, NULL),
(569, 'Goldenrod', 'Shrimp, Dried, Small / Lb', 1994, 'Khaki', 4, 4, NULL, NULL, NULL),
(570, 'Mauv', 'Tomatoes - Plum, Canned', 2002, 'Puce', 5, 4, NULL, NULL, NULL),
(571, 'Aquamarine', 'Chicken - Whole Fryers', 55000, 'Pink', 3, 4, NULL, NULL, NULL),
(572, 'Pink', 'Halibut - Fletches', 50000, 'Yellow', 4, 4, NULL, NULL, NULL),
(573, 'Pink', 'Ham - Smoked, Bone - In', 45000, 'Turquoise', 2, 1, NULL, NULL, NULL),
(574, 'Blue', 'Spaghetti Squash', 2010, 'Aquamarine', 5, 5, NULL, NULL, NULL),
(575, 'Mauv', 'Lettuce - Baby Salad Greens', 50000, 'Yellow', 3, 3, NULL, NULL, NULL),
(576, 'Aquamarine', 'Rum - Spiced, Captain Morgan', 70000, 'Crimson', 4, 4, NULL, NULL, NULL),
(577, 'Maroon', 'Soup Campbells Mexicali Tortilla', 1997, 'Aquamarine', 3, 3, NULL, NULL, NULL),
(578, 'Goldenrod', 'Wine - Masi Valpolocell', 1964, 'Khaki', 5, 2, NULL, NULL, NULL),
(579, 'Goldenrod', 'Container - Foam Dixie 12 Oz', 70000, 'Aquamarine', 1, 1, NULL, NULL, NULL),
(580, 'Violet', 'Pork - Kidney', 2007, 'Aquamarine', 3, 3, NULL, NULL, NULL),
(581, 'Turquoise', 'Veal - Insides Provini', 2003, 'Violet', 2, 3, NULL, NULL, NULL),
(582, 'Blue', 'Jam - Marmalade, Orange', 2007, 'Purple', 2, 3, NULL, NULL, NULL),
(583, 'Indigo', 'Corn Syrup', 2002, 'Mauv', 3, 4, NULL, NULL, NULL),
(584, 'Mauv', 'Dried Peach', 85000, 'Khaki', 5, 2, NULL, NULL, NULL),
(585, 'Maroon', 'Smirnoff Green Apple Twist', 1994, 'Green', 2, 4, NULL, NULL, NULL),
(586, 'Green', 'Chips Potato Salt Vinegar 43g', 1994, 'Turquoise', 5, 5, NULL, NULL, NULL),
(587, 'Aquamarine', 'Chocolate Liqueur - Godet White', 45000, 'Turquoise', 4, 5, NULL, NULL, NULL),
(588, 'Maroon', 'Chocolate - Feathers', 1996, 'Turquoise', 2, 1, NULL, NULL, NULL),
(589, 'Purple', 'Wine - Cava Aria Estate Brut', 90000, 'Red', 2, 4, NULL, NULL, NULL),
(590, 'Orange', 'Food Colouring - Red', 40000, 'Crimson', 4, 4, NULL, NULL, NULL),
(591, 'Orange', 'Lamb - Loin Chops', 55000, 'Violet', 1, 4, NULL, NULL, NULL),
(592, 'Aquamarine', 'Anchovy Fillets', 2004, 'Pink', 1, 1, NULL, NULL, NULL),
(593, 'Aquamarine', 'Iced Tea Concentrate', 90000, 'Mauv', 1, 5, NULL, NULL, NULL),
(594, 'Puce', 'Ice Cream Bar - Hagen Daz', 2001, 'Teal', 2, 1, NULL, NULL, NULL),
(595, 'Crimson', 'Beans - Fava Fresh', 2000, 'Turquoise', 3, 2, NULL, NULL, NULL),
(596, 'Orange', 'Salt - Kosher', 1992, 'Blue', 2, 4, NULL, NULL, NULL),
(597, 'Orange', 'Garlic', 55000, 'Fuscia', 2, 4, NULL, NULL, NULL),
(598, 'Mauv', 'Beer - Blue Light', 40000, 'Red', 2, 4, NULL, NULL, NULL),
(599, 'Blue', 'Veal - Chops, Split, Frenched', 85000, 'Crimson', 2, 2, NULL, NULL, NULL),
(600, 'Blue', 'Cinnamon - Ground', 90000, 'Fuscia', 4, 5, NULL, NULL, NULL),
(601, 'Turquoise', 'Apricots Fresh', 1989, 'Yellow', 5, 1, NULL, NULL, NULL),
(602, 'Fuscia', 'Bread - Pullman, Sliced', 2000, 'Puce', 4, 5, NULL, NULL, NULL),
(603, 'Green', 'Sole - Fillet', 2010, 'Goldenrod', 5, 1, NULL, NULL, NULL),
(604, 'Teal', 'Ecolab - Ster Bac', 50000, 'Orange', 3, 2, NULL, NULL, NULL),
(605, 'Mauv', 'Crush - Grape, 355 Ml', 1984, 'Orange', 5, 3, NULL, NULL, NULL),
(606, 'Blue', 'Onions Granulated', 40000, 'Puce', 4, 2, NULL, NULL, NULL),
(607, 'Puce', 'Wine - Sake', 1968, 'Maroon', 3, 3, NULL, NULL, NULL),
(608, 'Turquoise', 'Beef Tenderloin Aaa', 1987, 'Teal', 5, 5, NULL, NULL, NULL),
(609, 'Violet', 'Pepsi, 355 Ml', 1984, 'Mauv', 4, 2, NULL, NULL, NULL),
(610, 'Violet', 'Sauce - Bernaise, Mix', 2007, 'Red', 3, 1, NULL, NULL, NULL),
(611, 'Goldenrod', 'Olives - Stuffed', 2004, 'Blue', 4, 2, NULL, NULL, NULL),
(612, 'Puce', 'Pork Loin Bine - In Frenched', 1992, 'Violet', 4, 2, NULL, NULL, NULL),
(613, 'Indigo', 'Arrowroot', 90000, 'Fuscia', 3, 4, NULL, NULL, NULL),
(614, 'Red', 'Cup - 3.5oz, Foam', 1996, 'Puce', 1, 5, NULL, NULL, NULL),
(615, 'Teal', 'Tuna - Canned, Flaked, Light', 1997, 'Orange', 1, 1, NULL, NULL, NULL),
(616, 'Indigo', 'Flavouring - Orange', 50000, 'Khaki', 3, 1, NULL, NULL, NULL),
(617, 'Maroon', 'Tea - Lemon Scented', 2007, 'Puce', 4, 3, NULL, NULL, NULL),
(618, 'Red', 'Steam Pan - Half Size Deep', 2011, 'Green', 5, 3, NULL, NULL, NULL),
(619, 'Purple', 'Steam Pan - Half Size Deep', 70000, 'Green', 1, 4, NULL, NULL, NULL),
(620, 'Maroon', 'Cake - Mini Cheesecake', 1994, 'Red', 4, 3, NULL, NULL, NULL),
(621, 'Khaki', 'Corn Meal', 55000, 'Red', 3, 5, NULL, NULL, NULL),
(622, 'Blue', 'Fish - Base, Bouillion', 40000, 'Pink', 1, 1, NULL, NULL, NULL),
(623, 'Turquoise', 'Shrimp - 21/25, Peel And Deviened', 1992, 'Goldenrod', 4, 5, NULL, NULL, NULL),
(624, 'Teal', 'Container - Clear 16 Oz', 2007, 'Indigo', 3, 4, NULL, NULL, NULL),
(625, 'Turquoise', 'Yams', 2007, 'Khaki', 5, 1, NULL, NULL, NULL),
(626, 'Turquoise', 'Kohlrabi', 70000, 'Goldenrod', 3, 2, NULL, NULL, NULL),
(627, 'Blue', 'Cup - 6oz, Foam', 40000, 'Crimson', 2, 2, NULL, NULL, NULL),
(628, 'Indigo', 'Beef - Top Sirloin - Aaa', 70000, 'Yellow', 1, 1, NULL, NULL, NULL),
(629, 'Teal', 'Beer - True North Lager', 40000, 'Turquoise', 5, 4, NULL, NULL, NULL),
(630, 'Maroon', 'Triple Sec - Mcguinness', 90000, 'Blue', 1, 3, NULL, NULL, NULL),
(631, 'Maroon', 'Tea - Vanilla Chai', 2003, 'Yellow', 1, 2, NULL, NULL, NULL);
INSERT INTO `product` (`id`, `description`, `name`, `price`, `sku`, `status`, `category_id`, `code`, `created_at`, `modifile_at`) VALUES
(632, 'Violet', 'Wine - Prem Select Charddonany', 55000, 'Puce', 3, 5, NULL, NULL, NULL),
(633, 'Green', 'Beer - Original Organic Lager', 2010, 'Goldenrod', 4, 3, NULL, NULL, NULL),
(634, 'Crimson', 'Pasta - Linguini, Dry', 1994, 'Fuscia', 3, 1, NULL, NULL, NULL),
(635, 'Red', 'Wine - Pinot Noir Mondavi Coastal', 50000, 'Purple', 4, 4, NULL, NULL, NULL),
(636, 'Mauv', 'Soup - Canadian Pea, Dry Mix', 50000, 'Teal', 2, 1, NULL, NULL, NULL),
(637, 'Violet', 'Bar Nature Valley', 1994, 'Khaki', 4, 4, NULL, NULL, NULL),
(638, 'Purple', 'Crackers - Soda / Saltins', 2003, 'Goldenrod', 5, 2, NULL, NULL, NULL),
(639, 'Crimson', 'Broom And Brush Rack Black', 1988, 'Maroon', 2, 3, NULL, NULL, NULL),
(640, 'Teal', 'Bread - Granary Small Pull', 2010, 'Purple', 2, 3, NULL, NULL, NULL),
(641, 'Yellow', 'Shopper Bag - S - 4', 80000, 'Turquoise', 3, 2, NULL, NULL, NULL),
(642, 'Pink', 'V8 Splash Strawberry Banana', 1997, 'Crimson', 4, 5, NULL, NULL, NULL),
(643, 'Crimson', 'Latex Rubber Gloves Size 9', 1990, 'Turquoise', 4, 2, NULL, NULL, NULL),
(644, 'Violet', 'Bread Cranberry Foccacia', 40000, 'Goldenrod', 2, 1, NULL, NULL, NULL),
(645, 'Purple', 'Pork Loin Bine - In Frenched', 55000, 'Green', 1, 1, NULL, NULL, NULL),
(646, 'Purple', 'Lettuce - Boston Bib - Organic', 45000, 'Mauv', 2, 2, NULL, NULL, NULL),
(647, 'Indigo', 'Horseradish Root', 1997, 'Crimson', 3, 5, NULL, NULL, NULL),
(648, 'Pink', 'Cape Capensis - Fillet', 2004, 'Teal', 1, 5, NULL, NULL, NULL),
(649, 'Crimson', 'Bread - Pumpernickel', 90000, 'Maroon', 5, 1, NULL, NULL, NULL),
(650, 'Green', 'Sugar - Crumb', 1992, 'Turquoise', 1, 3, NULL, NULL, NULL),
(651, 'Khaki', 'Cranberries - Fresh', 2011, 'Mauv', 2, 4, NULL, NULL, NULL),
(652, 'Crimson', 'Pasta - Angel Hair', 1989, 'Maroon', 2, 2, NULL, NULL, NULL),
(653, 'Fuscia', 'Mousse - Mango', 2003, 'Orange', 4, 4, NULL, NULL, NULL),
(654, 'Aquamarine', 'Alize Sunset', 2003, 'Teal', 5, 3, NULL, NULL, NULL),
(655, 'Aquamarine', 'Bacardi Limon', 50000, 'Aquamarine', 4, 5, NULL, NULL, NULL),
(656, 'Khaki', 'Radish - Pickled', 55000, 'Red', 4, 2, NULL, NULL, NULL),
(657, 'Purple', 'Cookie - Oreo 100x2', 70000, 'Khaki', 3, 4, NULL, NULL, NULL),
(658, 'Goldenrod', 'Monkfish Fresh - Skin Off', 2002, 'Yellow', 1, 4, NULL, NULL, NULL),
(659, 'Indigo', 'Roe - Lump Fish, Red', 2007, 'Fuscia', 1, 1, NULL, NULL, NULL),
(660, 'Green', 'Juice - Pineapple, 341 Ml', 90000, 'Fuscia', 1, 2, NULL, NULL, NULL),
(661, 'Turquoise', 'Stock - Fish', 2001, 'Pink', 5, 5, NULL, NULL, NULL),
(662, 'Yellow', 'Steam Pan - Half Size Deep', 40000, 'Goldenrod', 3, 1, NULL, NULL, NULL),
(663, 'Khaki', 'Pepper - Chilli Seeds Mild', 90000, 'Crimson', 4, 4, NULL, NULL, NULL),
(664, 'Puce', 'Appetizer - Shrimp Puff', 40000, 'Red', 3, 3, NULL, NULL, NULL),
(665, 'Crimson', 'Ecolab - Power Fusion', 1997, 'Green', 5, 2, NULL, NULL, NULL),
(666, 'Green', 'Mayonnaise - Individual Pkg', 2007, 'Violet', 5, 2, NULL, NULL, NULL),
(667, 'Goldenrod', 'Crush - Grape, 355 Ml', 1984, 'Turquoise', 4, 2, NULL, NULL, NULL),
(668, 'Blue', 'Haggis', 2004, 'Orange', 3, 2, NULL, NULL, NULL),
(669, 'Crimson', 'Cloves - Ground', 2007, 'Red', 2, 5, NULL, NULL, NULL),
(670, 'Khaki', 'Daves Island Stinger', 55000, 'Crimson', 4, 3, NULL, NULL, NULL),
(671, 'Puce', 'Sugar - Invert', 2010, 'Khaki', 4, 5, NULL, NULL, NULL),
(672, 'Khaki', 'Pasta - Cappellini, Dry', 85000, 'Crimson', 1, 1, NULL, NULL, NULL),
(673, 'Goldenrod', 'Wine - Magnotta - Cab Franc', 55000, 'Blue', 3, 2, NULL, NULL, NULL),
(674, 'Red', 'Cod - Black Whole Fillet', 50000, 'Goldenrod', 2, 1, NULL, NULL, NULL),
(675, 'Crimson', 'Milk Powder', 2000, 'Red', 3, 4, NULL, NULL, NULL),
(676, 'Indigo', 'Wine - Shiraz Wolf Blass Premium', 80000, 'Aquamarine', 5, 4, NULL, NULL, NULL),
(677, 'Indigo', 'Urban Zen Drinks', 2003, 'Indigo', 4, 1, NULL, NULL, NULL),
(678, 'Teal', 'Cake Sheet Combo Party Pack', 55000, 'Green', 2, 1, NULL, NULL, NULL),
(679, 'Red', 'Bacardi Breezer - Tropical', 2001, 'Purple', 2, 2, NULL, NULL, NULL),
(680, 'Maroon', 'Veal - Leg, Provimi - 50 Lb Max', 1996, 'Teal', 4, 1, NULL, NULL, NULL),
(681, 'Fuscia', 'Flour - Bran, Red', 80000, 'Pink', 4, 1, NULL, NULL, NULL),
(682, 'Orange', 'Pear - Asian', 2003, 'Aquamarine', 1, 1, NULL, NULL, NULL),
(683, 'Puce', 'Mushroom Morel Fresh', 55000, 'Blue', 4, 1, NULL, NULL, NULL),
(684, 'Pink', 'Beer - Creemore', 55000, 'Aquamarine', 3, 4, NULL, NULL, NULL),
(685, 'Yellow', 'Kahlua', 70000, 'Indigo', 3, 4, NULL, NULL, NULL),
(686, 'Violet', 'Crush - Cream Soda', 1994, 'Green', 1, 1, NULL, NULL, NULL),
(687, 'Purple', 'Spic And Span All Purpose', 70000, 'Blue', 2, 2, NULL, NULL, NULL),
(688, 'Puce', 'Cheese - Roquefort Pappillon', 45000, 'Fuscia', 4, 2, NULL, NULL, NULL),
(689, 'Yellow', 'Wine - Red, Gallo, Merlot', 2001, 'Teal', 4, 4, NULL, NULL, NULL),
(690, 'Violet', 'Pepper - Jalapeno', 2003, 'Orange', 5, 4, NULL, NULL, NULL),
(691, 'Crimson', 'Juice - Orangina', 1991, 'Goldenrod', 5, 2, NULL, NULL, NULL),
(692, 'Crimson', 'Whmis Spray Bottle Graduated', 1992, 'Aquamarine', 3, 2, NULL, NULL, NULL),
(693, 'Blue', 'Salsify, Organic', 1984, 'Teal', 1, 5, NULL, NULL, NULL),
(694, 'Khaki', 'Wine - White, French Cross', 90000, 'Fuscia', 5, 1, NULL, NULL, NULL),
(695, 'Pink', 'Beef - Ox Tongue, Pickled', 2002, 'Puce', 1, 5, NULL, NULL, NULL),
(696, 'Fuscia', 'Food Colouring - Blue', 2002, 'Aquamarine', 2, 2, NULL, NULL, NULL),
(697, 'Red', 'Glove - Cutting', 80000, 'Purple', 1, 3, NULL, NULL, NULL),
(698, 'Red', 'Gatorade - Cool Blue Raspberry', 45000, 'Aquamarine', 5, 5, NULL, NULL, NULL),
(699, 'Yellow', 'Foie Gras', 45000, 'Blue', 1, 5, NULL, NULL, NULL),
(700, 'Pink', 'Lettuce Romaine Chopped', 70000, 'Maroon', 5, 3, NULL, NULL, NULL),
(701, 'Violet', 'Lid - Translucent, 3.5 And 6 Oz', 40000, 'Red', 4, 4, NULL, NULL, NULL),
(702, 'Puce', 'Stock - Veal, White', 2001, 'Crimson', 2, 3, NULL, NULL, NULL),
(703, 'Blue', 'Cake Circle, Foil, Scallop', 2007, 'Green', 1, 2, NULL, NULL, NULL),
(704, 'Red', 'Mushroom - Oyster, Fresh', 2007, 'Crimson', 1, 1, NULL, NULL, NULL),
(705, 'Yellow', 'Appetizer - Asian Shrimp Roll', 45000, 'Blue', 3, 5, NULL, NULL, NULL),
(706, 'Orange', 'Beets - Pickled', 80000, 'Yellow', 1, 2, NULL, NULL, NULL),
(707, 'Green', 'Crab - Dungeness, Whole, live', 2000, 'Fuscia', 2, 1, NULL, NULL, NULL),
(708, 'Blue', 'Chicken Breast Halal', 1963, 'Puce', 2, 4, NULL, NULL, NULL),
(709, 'Green', 'Capers - Pickled', 2010, 'Mauv', 3, 2, NULL, NULL, NULL),
(710, 'Red', 'Danishes - Mini Cheese', 70000, 'Purple', 5, 4, NULL, NULL, NULL),
(711, 'Yellow', 'Beef Flat Iron Steak', 2003, 'Red', 1, 4, NULL, NULL, NULL),
(712, 'Violet', 'Bag - Regular Kraft 20 Lb', 80000, 'Maroon', 5, 1, NULL, NULL, NULL),
(713, 'Green', 'Cookie - Dough Variety', 1985, 'Blue', 4, 3, NULL, NULL, NULL),
(714, 'Turquoise', 'Pate - Cognac', 50000, 'Pink', 3, 4, NULL, NULL, NULL),
(715, 'Yellow', 'Pumpkin - Seed', 2007, 'Aquamarine', 4, 5, NULL, NULL, NULL),
(716, 'Maroon', 'Shrimp - Black Tiger 13/15', 90000, 'Pink', 2, 1, NULL, NULL, NULL),
(717, 'Pink', 'Icecream - Dstk Cml And Fdg', 2004, 'Mauv', 4, 2, NULL, NULL, NULL),
(718, 'Khaki', 'Nestea - Iced Tea', 2003, 'Orange', 4, 1, NULL, NULL, NULL),
(719, 'Teal', 'Chicken - Livers', 70000, 'Fuscia', 4, 4, NULL, NULL, NULL),
(720, 'Pink', 'Wine - Red, Cabernet Merlot', 2004, 'Yellow', 1, 5, NULL, NULL, NULL),
(721, 'Fuscia', 'Water - Mineral, Carbonated', 1997, 'Pink', 2, 1, NULL, NULL, NULL),
(722, 'Crimson', 'Taro Root', 1978, 'Aquamarine', 4, 3, NULL, NULL, NULL),
(723, 'Fuscia', 'Pork - Shoulder', 2010, 'Red', 5, 2, NULL, NULL, NULL),
(724, 'Violet', 'Bread Base - Italian', 1996, 'Orange', 1, 1, NULL, NULL, NULL),
(725, 'Khaki', 'Wine - Sogrape Mateus Rose', 50000, 'Mauv', 4, 5, NULL, NULL, NULL),
(726, 'Fuscia', 'Sauce - Marinara', 45000, 'Turquoise', 3, 3, NULL, NULL, NULL),
(727, 'Crimson', 'Tofu - Firm', 2011, 'Green', 3, 4, NULL, NULL, NULL),
(728, 'Yellow', 'Wine - Pinot Noir Latour', 2007, 'Maroon', 4, 3, NULL, NULL, NULL),
(729, 'Blue', 'Sultanas', 2001, 'Purple', 3, 4, NULL, NULL, NULL),
(730, 'Red', 'Lambcasing', 1994, 'Fuscia', 3, 1, NULL, NULL, NULL),
(731, 'Fuscia', 'Salmon - Whole, 4 - 6 Pounds', 2007, 'Turquoise', 3, 3, NULL, NULL, NULL),
(732, 'Violet', 'Juice - Apple Cider', 45000, 'Mauv', 2, 3, NULL, NULL, NULL),
(733, 'Maroon', 'Crush - Cream Soda', 2010, 'Puce', 4, 2, NULL, NULL, NULL),
(734, 'Purple', 'Sugar - Invert', 1998, 'Fuscia', 4, 5, NULL, NULL, NULL),
(735, 'Turquoise', 'Pork - Smoked Kassler', 1992, 'Blue', 5, 3, NULL, NULL, NULL),
(736, 'Red', 'Steamers White', 50000, 'Red', 1, 1, NULL, NULL, NULL),
(737, 'Red', 'Pasta - Ravioli', 70000, 'Teal', 1, 4, NULL, NULL, NULL),
(738, 'Goldenrod', 'Dill Weed - Fresh', 2004, 'Pink', 4, 1, NULL, NULL, NULL),
(739, 'Puce', 'Smoked Paprika', 55000, 'Red', 5, 2, NULL, NULL, NULL),
(740, 'Blue', 'Mushroom - Oyster, Fresh', 2003, 'Green', 1, 4, NULL, NULL, NULL),
(741, 'Teal', 'Onions - White', 2001, 'Aquamarine', 3, 2, NULL, NULL, NULL),
(742, 'Khaki', 'Fish - Soup Base, Bouillon', 2000, 'Khaki', 2, 5, NULL, NULL, NULL),
(743, 'Purple', 'Soup - Base Broth Chix', 1991, 'Red', 3, 2, NULL, NULL, NULL),
(744, 'Puce', 'Ecolab - Hobart Upr Prewash Arm', 50000, 'Violet', 4, 3, NULL, NULL, NULL),
(745, 'Mauv', 'Dates', 1984, 'Fuscia', 1, 4, NULL, NULL, NULL),
(746, 'Blue', 'Steampan - Lid For Half Size', 50000, 'Teal', 5, 4, NULL, NULL, NULL),
(747, 'Red', 'Cheese - Cheddar, Mild', 40000, 'Maroon', 3, 3, NULL, NULL, NULL),
(748, 'Blue', 'Tea - Mint', 45000, 'Khaki', 3, 1, NULL, NULL, NULL),
(749, 'Fuscia', 'Tomatoes Tear Drop', 1970, 'Red', 3, 4, NULL, NULL, NULL),
(750, 'Mauv', 'Olives - Morracan Dired', 55000, 'Crimson', 4, 2, NULL, NULL, NULL),
(751, 'Khaki', 'Cheese - Swiss', 2007, 'Khaki', 1, 1, NULL, NULL, NULL),
(752, 'Indigo', 'Pasta - Linguini, Dry', 1991, 'Orange', 5, 4, NULL, NULL, NULL),
(753, 'Green', 'Fireball Whisky', 70000, 'Indigo', 3, 4, NULL, NULL, NULL),
(754, 'Green', 'Pasta - Elbows, Macaroni, Dry', 2011, 'Red', 5, 4, NULL, NULL, NULL),
(755, 'Khaki', 'Liqueur - Melon', 2002, 'Yellow', 4, 3, NULL, NULL, NULL),
(756, 'Teal', 'Container - Clear 16 Oz', 1996, 'Crimson', 4, 1, NULL, NULL, NULL),
(757, 'Yellow', 'Ice Cream Bar - Hageen Daz To', 70000, 'Mauv', 4, 4, NULL, NULL, NULL),
(758, 'Aquamarine', 'Wine - Fat Bastard Merlot', 1996, 'Blue', 4, 5, NULL, NULL, NULL),
(759, 'Red', 'Chicken Breast Halal', 55000, 'Yellow', 2, 1, NULL, NULL, NULL),
(760, 'Crimson', 'Icecream - Dibs', 45000, 'Orange', 3, 1, NULL, NULL, NULL),
(761, 'Mauv', 'Marzipan 50/50', 2004, 'Maroon', 1, 5, NULL, NULL, NULL),
(762, 'Yellow', 'Wine - Vovray Sec Domaine Huet', 2001, 'Maroon', 4, 3, NULL, NULL, NULL),
(763, 'Goldenrod', 'Ecolab - Balanced Fusion', 40000, 'Indigo', 2, 2, NULL, NULL, NULL),
(764, 'Teal', 'Sauce - Mint', 40000, 'Green', 5, 5, NULL, NULL, NULL),
(765, 'Blue', 'Star Anise, Whole', 2000, 'Goldenrod', 2, 4, NULL, NULL, NULL),
(766, 'Aquamarine', 'Wine - Blue Nun Qualitatswein', 70000, 'Pink', 5, 2, NULL, NULL, NULL),
(767, 'Mauv', 'Bread - Roll, Canadian Dinner', 1966, 'Teal', 5, 5, NULL, NULL, NULL),
(768, 'Red', 'Cheese - Comtomme', 1985, 'Red', 3, 5, NULL, NULL, NULL),
(769, 'Pink', 'Roe - Lump Fish, Red', 2004, 'Crimson', 3, 1, NULL, NULL, NULL),
(770, 'Red', 'Veal - Leg, Provimi - 50 Lb Max', 50000, 'Crimson', 5, 1, NULL, NULL, NULL),
(771, 'Aquamarine', 'Tomatoes - Vine Ripe, Yellow', 85000, 'Khaki', 3, 3, NULL, NULL, NULL),
(772, 'Fuscia', 'Yeast Dry - Fermipan', 1998, 'Crimson', 2, 1, NULL, NULL, NULL),
(773, 'Khaki', 'Vermacelli - Sprinkles, Assorted', 50000, 'Violet', 3, 3, NULL, NULL, NULL),
(774, 'Yellow', 'Pepper - Paprika, Spanish', 2010, 'Purple', 5, 3, NULL, NULL, NULL),
(775, 'Blue', 'Oil - Grapeseed Oil', 2000, 'Mauv', 3, 5, NULL, NULL, NULL),
(776, 'Indigo', 'Oil - Grapeseed Oil', 1991, 'Teal', 4, 3, NULL, NULL, NULL),
(777, 'Maroon', 'Juice - Pineapple, 48 Oz', 50000, 'Fuscia', 2, 3, NULL, NULL, NULL),
(778, 'Crimson', 'Tea - Darjeeling, Azzura', 55000, 'Blue', 4, 4, NULL, NULL, NULL),
(779, 'Violet', 'Pork Casing', 90000, 'Purple', 5, 3, NULL, NULL, NULL),
(780, 'Turquoise', 'Lychee - Canned', 1987, 'Turquoise', 3, 3, NULL, NULL, NULL),
(781, 'Turquoise', 'Pork - Loin, Bone - In', 2004, 'Mauv', 2, 2, NULL, NULL, NULL),
(782, 'Khaki', 'Cocoa Powder - Natural', 70000, 'Aquamarine', 1, 2, NULL, NULL, NULL),
(783, 'Orange', 'Sultanas', 55000, 'Mauv', 4, 3, NULL, NULL, NULL),
(784, 'Aquamarine', 'Veal - Kidney', 2003, 'Purple', 3, 5, NULL, NULL, NULL),
(785, 'Green', 'Flavouring - Orange', 1967, 'Yellow', 4, 2, NULL, NULL, NULL),
(786, 'Goldenrod', 'Mushroom - Shitake, Fresh', 2007, 'Khaki', 1, 3, NULL, NULL, NULL),
(787, 'Purple', 'Chinese Lemon Pork', 1987, 'Violet', 1, 1, NULL, NULL, NULL),
(788, 'Turquoise', 'Pasta - Agnolotti - Butternut', 1992, 'Green', 3, 3, NULL, NULL, NULL),
(789, 'Purple', 'Beer - Mill St Organic', 1958, 'Goldenrod', 1, 1, NULL, NULL, NULL),
(790, 'Teal', 'Curry Powder', 1996, 'Aquamarine', 4, 3, NULL, NULL, NULL),
(791, 'Aquamarine', 'Rolled Oats', 2001, 'Indigo', 4, 1, NULL, NULL, NULL),
(792, 'Aquamarine', 'Beer - Blue Light', 45000, 'Maroon', 3, 5, NULL, NULL, NULL),
(793, 'Violet', 'Cheese - Brie,danish', 1997, 'Purple', 1, 1, NULL, NULL, NULL),
(794, 'Turquoise', 'Liqueur Banana, Ramazzotti', 1987, 'Pink', 5, 4, NULL, NULL, NULL),
(795, 'Khaki', 'Paper Cocktail Umberlla 80 - 180', 45000, 'Teal', 3, 1, NULL, NULL, NULL),
(796, 'Green', 'Bar - Granola Trail Mix Fruit Nut', 2003, 'Teal', 2, 4, NULL, NULL, NULL),
(797, 'Purple', 'Pork - Bones', 90000, 'Pink', 2, 4, NULL, NULL, NULL),
(798, 'Purple', 'Celery', 55000, 'Aquamarine', 4, 5, NULL, NULL, NULL),
(799, 'Fuscia', 'Bread - Corn Muffaletta', 2011, 'Indigo', 5, 2, NULL, NULL, NULL),
(800, 'Orange', 'Bread - Hot Dog Buns', 2000, 'Pink', 4, 2, NULL, NULL, NULL),
(801, 'Crimson', 'Melon - Watermelon Yellow', 40000, 'Blue', 2, 3, NULL, NULL, NULL),
(802, 'Turquoise', 'Calypso - Lemonade', 2001, 'Turquoise', 4, 4, NULL, NULL, NULL),
(803, 'Teal', 'Pepper - Green', 1996, 'Red', 3, 2, NULL, NULL, NULL),
(804, 'Crimson', 'Garlic', 1990, 'Red', 4, 3, NULL, NULL, NULL),
(805, 'Turquoise', 'Pate Pans Yellow', 2002, 'Goldenrod', 1, 1, NULL, NULL, NULL),
(806, 'Red', 'Soup Campbells', 1976, 'Blue', 1, 3, NULL, NULL, NULL),
(807, 'Puce', 'Bread - Onion Focaccia', 2004, 'Teal', 5, 5, NULL, NULL, NULL),
(808, 'Purple', 'Cookies - Englishbay Chochip', 70000, 'Purple', 2, 5, NULL, NULL, NULL),
(809, 'Puce', 'Tomatoes Tear Drop Yellow', 40000, 'Teal', 3, 3, NULL, NULL, NULL),
(810, 'Goldenrod', 'Wine - Casablanca Valley', 2004, 'Pink', 3, 5, NULL, NULL, NULL),
(811, 'Green', 'Wine - Vouvray Cuvee Domaine', 2002, 'Blue', 3, 2, NULL, NULL, NULL),
(812, 'Purple', 'Coffee - Espresso', 45000, 'Maroon', 5, 1, NULL, NULL, NULL),
(813, 'Indigo', 'Cookie - Dough Variety', 2003, 'Teal', 2, 2, NULL, NULL, NULL),
(814, 'Red', 'Eggplant - Regular', 2011, 'Puce', 1, 4, NULL, NULL, NULL),
(815, 'Purple', 'Cheese - Mozzarella', 2007, 'Turquoise', 4, 4, NULL, NULL, NULL),
(816, 'Khaki', 'Trueblue - Blueberry', 2013, 'Puce', 2, 1, NULL, NULL, NULL),
(817, 'Yellow', 'Carrots - Mini Red Organic', 1967, 'Indigo', 1, 2, NULL, NULL, NULL),
(818, 'Goldenrod', 'Taro Leaves', 90000, 'Green', 3, 3, NULL, NULL, NULL),
(819, 'Khaki', 'Cream - 18%', 2001, 'Khaki', 2, 3, NULL, NULL, NULL),
(820, 'Violet', 'Cookies - Assorted', 1987, 'Fuscia', 4, 3, NULL, NULL, NULL),
(821, 'Crimson', 'Plasticknivesblack', 55000, 'Red', 2, 5, NULL, NULL, NULL),
(822, 'Blue', 'Appetizer - Tarragon Chicken', 2004, 'Fuscia', 5, 3, NULL, NULL, NULL),
(823, 'Mauv', 'Bread Sour Rolls', 70000, 'Mauv', 2, 3, NULL, NULL, NULL),
(824, 'Green', 'Straws - Cocktale', 70000, 'Goldenrod', 1, 4, NULL, NULL, NULL),
(825, 'Red', 'Blueberries', 1994, 'Mauv', 3, 2, NULL, NULL, NULL),
(826, 'Goldenrod', 'Potatoes - Yukon Gold, 80 Ct', 1984, 'Crimson', 1, 4, NULL, NULL, NULL),
(827, 'Green', 'Poppy Seed', 1992, 'Purple', 3, 5, NULL, NULL, NULL),
(828, 'Goldenrod', 'Coke - Diet, 355 Ml', 2003, 'Khaki', 3, 2, NULL, NULL, NULL),
(829, 'Red', 'Coffee - Cafe Moreno', 1987, 'Blue', 4, 1, NULL, NULL, NULL),
(830, 'Yellow', 'Beef - Tenderloin - Aa', 1997, 'Maroon', 1, 5, NULL, NULL, NULL),
(831, 'Mauv', 'Nut - Hazelnut, Whole', 90000, 'Puce', 3, 4, NULL, NULL, NULL),
(832, 'Fuscia', 'Wine - Chianti Classica Docg', 1994, 'Blue', 5, 5, NULL, NULL, NULL),
(833, 'Red', 'Appetizer - Seafood Assortment', 1990, 'Turquoise', 4, 1, NULL, NULL, NULL),
(834, 'Yellow', 'Noodles - Cellophane, Thin', 80000, 'Mauv', 2, 3, NULL, NULL, NULL),
(835, 'Red', 'Pork - Side Ribs', 80000, 'Purple', 4, 5, NULL, NULL, NULL),
(836, 'Violet', 'Cauliflower', 55000, 'Green', 4, 2, NULL, NULL, NULL),
(837, 'Teal', 'Mint - Fresh', 85000, 'Purple', 1, 5, NULL, NULL, NULL),
(838, 'Blue', 'Bread - Granary Small Pull', 1998, 'Orange', 2, 1, NULL, NULL, NULL),
(839, 'Aquamarine', 'Chips - Doritos', 2001, 'Orange', 1, 2, NULL, NULL, NULL),
(840, 'Goldenrod', 'Puff Pastry - Slab', 50000, 'Pink', 1, 1, NULL, NULL, NULL),
(841, 'Turquoise', 'Snapple - Iced Tea Peach', 1990, 'Blue', 5, 5, NULL, NULL, NULL),
(842, 'Crimson', 'Ketchup - Tomato', 1987, 'Yellow', 3, 1, NULL, NULL, NULL),
(843, 'Pink', 'Fennel - Seeds', 1989, 'Teal', 5, 2, NULL, NULL, NULL),
(844, 'Red', 'Lettuce - Red Leaf', 1994, 'Aquamarine', 3, 3, NULL, NULL, NULL),
(845, 'Purple', 'Lemon Pepper', 50000, 'Purple', 1, 2, NULL, NULL, NULL),
(846, 'Purple', 'Chicken - Leg / Back Attach', 45000, 'Goldenrod', 3, 1, NULL, NULL, NULL),
(847, 'Puce', 'Lentils - Green Le Puy', 2010, 'Indigo', 4, 3, NULL, NULL, NULL),
(848, 'Green', 'Iced Tea - Lemon, 460 Ml', 2011, 'Red', 1, 4, NULL, NULL, NULL),
(849, 'Puce', 'Numi - Assorted Teas', 1984, 'Violet', 3, 3, NULL, NULL, NULL),
(850, 'Puce', 'Brandy - Bar', 2010, 'Maroon', 5, 4, NULL, NULL, NULL),
(851, 'Red', 'Wine - Duboeuf Beaujolais', 1998, 'Pink', 3, 3, NULL, NULL, NULL),
(852, 'Orange', 'Bread - 10 Grain', 2007, 'Purple', 5, 2, NULL, NULL, NULL),
(853, 'Turquoise', 'Bread - Burger', 2002, 'Crimson', 3, 5, NULL, NULL, NULL),
(854, 'Purple', 'Cucumber - English', 2000, 'Fuscia', 5, 2, NULL, NULL, NULL),
(855, 'Pink', 'Wine - White, Chardonnay', 2004, 'Orange', 5, 3, NULL, NULL, NULL),
(856, 'Pink', 'Spice - Greek 1 Step', 2011, 'Purple', 4, 5, NULL, NULL, NULL),
(857, 'Aquamarine', 'Veal - Kidney', 1998, 'Teal', 3, 5, NULL, NULL, NULL),
(858, 'Purple', 'Cookie Trail Mix', 90000, 'Goldenrod', 2, 1, NULL, NULL, NULL),
(859, 'Violet', 'Ranchero - Primerba, Paste', 85000, 'Indigo', 4, 5, NULL, NULL, NULL),
(860, 'Blue', 'Syrup - Monin - Granny Smith', 2003, 'Crimson', 1, 2, NULL, NULL, NULL),
(861, 'Turquoise', 'Beans - Soya Bean', 1987, 'Pink', 4, 4, NULL, NULL, NULL),
(862, 'Violet', 'Spic And Span All Purpose', 1998, 'Orange', 1, 3, NULL, NULL, NULL),
(863, 'Maroon', 'Soup - Campbells Broccoli', 90000, 'Goldenrod', 5, 3, NULL, NULL, NULL),
(864, 'Crimson', 'Bamboo Shoots - Sliced', 1997, 'Maroon', 2, 1, NULL, NULL, NULL),
(865, 'Turquoise', 'Bag - Bread, White, Plain', 70000, 'Indigo', 3, 1, NULL, NULL, NULL),
(866, 'Purple', 'Devonshire Cream', 1970, 'Khaki', 5, 2, NULL, NULL, NULL),
(867, 'Teal', 'Pastry - Trippleberry Muffin - Mini', 40000, 'Teal', 3, 1, NULL, NULL, NULL),
(868, 'Mauv', 'Onions - Pearl', 1992, 'Yellow', 3, 2, NULL, NULL, NULL),
(869, 'Yellow', 'Dried Peach', 70000, 'Teal', 1, 3, NULL, NULL, NULL),
(870, 'Maroon', 'Dry Ice', 50000, 'Puce', 1, 3, NULL, NULL, NULL),
(871, 'Mauv', 'Nut - Pistachio, Shelled', 2003, 'Orange', 4, 3, NULL, NULL, NULL),
(872, 'Pink', 'Chinese Foods - Pepper Beef', 50000, 'Indigo', 1, 5, NULL, NULL, NULL),
(873, 'Fuscia', 'Container - Foam Dixie 12 Oz', 2001, 'Khaki', 5, 5, NULL, NULL, NULL),
(874, 'Mauv', 'Cakes Assorted', 2000, 'Crimson', 5, 2, NULL, NULL, NULL),
(875, 'Yellow', 'Skirt - 24 Foot', 2010, 'Puce', 2, 3, NULL, NULL, NULL),
(876, 'Khaki', 'Dasheen', 2011, 'Turquoise', 4, 2, NULL, NULL, NULL),
(877, 'Purple', 'Dill Weed - Dry', 1992, 'Mauv', 5, 4, NULL, NULL, NULL),
(878, 'Fuscia', 'Bagel - Plain', 40000, 'Puce', 5, 3, NULL, NULL, NULL),
(879, 'Khaki', 'Cheese - Cheddar, Medium', 1985, 'Yellow', 2, 1, NULL, NULL, NULL),
(880, 'Blue', 'Bread - Hot Dog Buns', 50000, 'Crimson', 4, 5, NULL, NULL, NULL),
(881, 'Indigo', 'Wine - Sauvignon Blanc Oyster', 55000, 'Red', 1, 4, NULL, NULL, NULL),
(882, 'Pink', 'Cake - Mini Cheesecake', 1987, 'Blue', 2, 4, NULL, NULL, NULL),
(883, 'Aquamarine', 'Lemonade - Strawberry, 591 Ml', 85000, 'Mauv', 3, 2, NULL, NULL, NULL),
(884, 'Goldenrod', 'Appetizer - Escargot Puff', 2000, 'Red', 1, 2, NULL, NULL, NULL),
(885, 'Turquoise', 'Smirnoff Green Apple Twist', 2001, 'Blue', 5, 5, NULL, NULL, NULL),
(886, 'Purple', 'Salt And Pepper Mix - White', 2002, 'Violet', 1, 3, NULL, NULL, NULL),
(887, 'Turquoise', 'Energy Drink - Franks Original', 2004, 'Orange', 5, 2, NULL, NULL, NULL),
(888, 'Yellow', 'Yeast - Fresh, Fleischman', 85000, 'Orange', 1, 2, NULL, NULL, NULL),
(889, 'Khaki', 'Mace', 2000, 'Maroon', 5, 5, NULL, NULL, NULL),
(890, 'Turquoise', 'Lettuce - Lolla Rosa', 1996, 'Orange', 4, 4, NULL, NULL, NULL),
(891, 'Teal', 'Munchies Honey Sweet Trail Mix', 1989, 'Mauv', 4, 3, NULL, NULL, NULL),
(892, 'Purple', 'Goulash Seasoning', 1992, 'Blue', 2, 2, NULL, NULL, NULL),
(893, 'Turquoise', 'Roe - Lump Fish, Red', 1985, 'Pink', 5, 2, NULL, NULL, NULL),
(894, 'Yellow', 'Bread - Frozen Basket Variety', 45000, 'Goldenrod', 4, 1, NULL, NULL, NULL),
(895, 'Violet', 'Swiss Chard', 2002, 'Orange', 1, 4, NULL, NULL, NULL),
(896, 'Violet', 'Chicken Breast Wing On', 2000, 'Indigo', 2, 2, NULL, NULL, NULL),
(897, 'Violet', 'Spice - Onion Powder Granulated', 50000, 'Indigo', 1, 4, NULL, NULL, NULL),
(898, 'Mauv', 'The Pop Shoppe - Cream Soda', 90000, 'Green', 4, 1, NULL, NULL, NULL),
(899, 'Mauv', 'Lettuce - Escarole', 2011, 'Maroon', 2, 4, NULL, NULL, NULL),
(900, 'Violet', 'Chicken - Wieners', 2002, 'Aquamarine', 1, 2, NULL, NULL, NULL),
(901, 'Yellow', 'Pasta - Fettuccine, Egg, Fresh', 80000, 'Violet', 4, 3, NULL, NULL, NULL),
(902, 'Yellow', 'Mix - Cappucino Cocktail', 80000, 'Goldenrod', 1, 5, NULL, NULL, NULL),
(903, 'Goldenrod', 'Pepper - White, Ground', 2003, 'Khaki', 2, 1, NULL, NULL, NULL),
(904, 'Crimson', 'Cheese - Havarti, Roasted Garlic', 45000, 'Red', 3, 5, NULL, NULL, NULL),
(905, 'Red', 'Soup - Knorr, Chicken Gumbo', 45000, 'Pink', 1, 4, NULL, NULL, NULL),
(906, 'Indigo', 'Creme De Cacao White', 2001, 'Purple', 3, 1, NULL, NULL, NULL),
(907, 'Maroon', 'Bread - Onion Focaccia', 50000, 'Aquamarine', 3, 1, NULL, NULL, NULL),
(908, 'Orange', 'Marjoram - Fresh', 1981, 'Pink', 3, 5, NULL, NULL, NULL),
(909, 'Yellow', 'Lamb - Leg, Diced', 1997, 'Pink', 4, 2, NULL, NULL, NULL),
(910, 'Khaki', 'Bar Special K', 2000, 'Pink', 1, 4, NULL, NULL, NULL),
(911, 'Aquamarine', 'Filling - Mince Meat', 2000, 'Turquoise', 2, 3, NULL, NULL, NULL),
(912, 'Orange', 'Barramundi', 2010, 'Blue', 3, 3, NULL, NULL, NULL),
(913, 'Crimson', 'Bread - Corn Muffaleta Onion', 2003, 'Turquoise', 3, 5, NULL, NULL, NULL),
(914, 'Green', 'Lettuce - Iceberg', 1994, 'Goldenrod', 5, 1, NULL, NULL, NULL),
(915, 'Teal', 'Beer - Camerons Cream Ale', 2010, 'Purple', 5, 1, NULL, NULL, NULL),
(916, 'Turquoise', 'Kellogs Raisan Bran Bars', 1998, 'Indigo', 5, 4, NULL, NULL, NULL),
(917, 'Maroon', 'Napkin - Dinner, White', 2010, 'Aquamarine', 3, 2, NULL, NULL, NULL),
(918, 'Aquamarine', 'Bagel - Whole White Sesame', 55000, 'Puce', 5, 4, NULL, NULL, NULL),
(919, 'Mauv', 'Black Currants', 2002, 'Khaki', 2, 5, NULL, NULL, NULL),
(920, 'Indigo', 'Liqueur Banana, Ramazzotti', 90000, 'Purple', 2, 4, NULL, NULL, NULL),
(921, 'Khaki', 'Island Oasis - Wildberry', 1997, 'Crimson', 5, 1, NULL, NULL, NULL),
(922, 'Fuscia', 'Sultanas', 85000, 'Maroon', 2, 1, NULL, NULL, NULL),
(923, 'Aquamarine', 'Pasta - Bauletti, Chicken White', 50000, 'Puce', 1, 1, NULL, NULL, NULL),
(924, 'Indigo', 'Jolt Cola - Red Eye', 1988, 'Teal', 1, 4, NULL, NULL, NULL),
(925, 'Pink', 'Bananas', 2010, 'Maroon', 5, 2, NULL, NULL, NULL),
(926, 'Pink', 'Toamtoes 6x7 Select', 1992, 'Violet', 4, 3, NULL, NULL, NULL),
(927, 'Indigo', 'Muffins - Assorted', 2002, 'Red', 5, 5, NULL, NULL, NULL),
(928, 'Violet', 'Bread - Calabrese Baguette', 1996, 'Teal', 1, 2, NULL, NULL, NULL),
(929, 'Maroon', 'Sauce - Salsa', 2010, 'Purple', 3, 3, NULL, NULL, NULL),
(930, 'Turquoise', 'Chinese Foods - Cantonese', 1996, 'Red', 4, 4, NULL, NULL, NULL),
(931, 'Blue', 'Madeira', 1990, 'Khaki', 4, 1, NULL, NULL, NULL),
(932, 'Turquoise', 'Fish - Bones', 1988, 'Puce', 2, 5, NULL, NULL, NULL),
(933, 'Indigo', 'Water - Spring Water 500ml', 1996, 'Goldenrod', 2, 3, NULL, NULL, NULL),
(934, 'Mauv', 'Pork - Bacon,back Peameal', 2011, 'Red', 1, 5, NULL, NULL, NULL),
(935, 'Yellow', 'Icecream - Dstk Cml And Fdg', 2007, 'Orange', 5, 2, NULL, NULL, NULL),
(936, 'Orange', 'Artichoke - Bottom, Canned', 40000, 'Yellow', 4, 4, NULL, NULL, NULL),
(937, 'Maroon', 'Beer - Labatt Blue', 2013, 'Fuscia', 2, 2, NULL, NULL, NULL),
(938, 'Red', 'Lemon Balm - Fresh', 1997, 'Blue', 3, 2, NULL, NULL, NULL),
(939, 'Blue', 'Bread - Granary Small Pull', 1992, 'Pink', 2, 3, NULL, NULL, NULL),
(940, 'Pink', 'Beets - Mini Golden', 40000, 'Green', 4, 2, NULL, NULL, NULL),
(941, 'Goldenrod', 'Salt - Celery', 2007, 'Purple', 1, 2, NULL, NULL, NULL),
(942, 'Turquoise', 'Beef - Chuck, Boneless', 1997, 'Blue', 5, 4, NULL, NULL, NULL),
(943, 'Turquoise', 'Wine - Beringer Founders Estate', 1997, 'Indigo', 5, 2, NULL, NULL, NULL),
(944, 'Puce', 'Chutney Sauce - Mango', 55000, 'Maroon', 3, 5, NULL, NULL, NULL),
(945, 'Fuscia', 'Foil - 4oz Custard Cup', 1988, 'Blue', 1, 2, NULL, NULL, NULL),
(946, 'Aquamarine', 'Wine - Sauvignon Blanc Oyster', 85000, 'Mauv', 3, 5, NULL, NULL, NULL),
(947, 'Violet', 'Lemonade - Natural, 591 Ml', 2000, 'Crimson', 3, 4, NULL, NULL, NULL),
(948, 'Mauv', 'Shrimp - Black Tiger 16/20', 45000, 'Puce', 3, 4, NULL, NULL, NULL),
(949, 'Orange', 'Pastry - Chocolate Marble Tea', 1994, 'Purple', 4, 5, NULL, NULL, NULL),
(950, 'Fuscia', 'Capon - Whole', 1984, 'Turquoise', 3, 4, NULL, NULL, NULL),
(951, 'Mauv', 'Ketchup - Tomato', 1994, 'Pink', 4, 2, NULL, NULL, NULL),
(952, 'Fuscia', 'Broom And Brush Rack Black', 55000, 'Green', 2, 4, NULL, NULL, NULL),
(953, 'Red', 'Stock - Veal, Brown', 2001, 'Crimson', 4, 4, NULL, NULL, NULL),
(954, 'Violet', 'Lobster - Live', 90000, 'Turquoise', 5, 4, NULL, NULL, NULL),
(955, 'Yellow', 'Eggplant - Regular', 2011, 'Indigo', 4, 5, NULL, NULL, NULL),
(956, 'Fuscia', 'Longos - Greek Salad', 1989, 'Goldenrod', 1, 2, NULL, NULL, NULL),
(957, 'Green', 'Chestnuts - Whole,canned', 1997, 'Yellow', 1, 2, NULL, NULL, NULL),
(958, 'Goldenrod', 'Pastrami', 90000, 'Puce', 3, 5, NULL, NULL, NULL),
(959, 'Yellow', 'Ecolab - Hand Soap Form Antibac', 70000, 'Red', 3, 3, NULL, NULL, NULL),
(960, 'Goldenrod', 'Dill - Primerba, Paste', 40000, 'Khaki', 1, 3, NULL, NULL, NULL),
(961, 'Crimson', 'Cheese - Provolone', 2007, 'Red', 2, 4, NULL, NULL, NULL),
(962, 'Mauv', 'Soup - Clam Chowder, Dry Mix', 70000, 'Turquoise', 4, 1, NULL, NULL, NULL),
(963, 'Teal', 'Lettuce - Treviso', 1990, 'Violet', 1, 3, NULL, NULL, NULL),
(964, 'Pink', 'Shrimp - Baby, Cold Water', 90000, 'Teal', 1, 1, NULL, NULL, NULL),
(965, 'Purple', 'Bread - Kimel Stick Poly', 2002, 'Teal', 2, 5, NULL, NULL, NULL),
(966, 'Mauv', 'Cookies - Englishbay Wht', 2002, 'Pink', 3, 3, NULL, NULL, NULL),
(967, 'Indigo', 'Soup - Knorr, Classic Can. Chili', 70000, 'Maroon', 2, 2, NULL, NULL, NULL),
(968, 'Orange', 'Soupcontfoam16oz 116con', 1989, 'Goldenrod', 1, 1, NULL, NULL, NULL),
(969, 'Turquoise', 'Crab - Meat', 2001, 'Indigo', 4, 3, NULL, NULL, NULL),
(970, 'Turquoise', 'Milk - Condensed', 1990, 'Maroon', 1, 2, NULL, NULL, NULL),
(971, 'Aquamarine', 'Turkey Leg With Drum And Thigh', 80000, 'Maroon', 2, 2, NULL, NULL, NULL),
(972, 'Red', 'Bread - Kimel Stick Poly', 2010, 'Turquoise', 3, 3, NULL, NULL, NULL),
(973, 'Puce', 'Salt - Kosher', 2002, 'Violet', 3, 2, NULL, NULL, NULL),
(974, 'Yellow', 'Scallops - Live In Shell', 1988, 'Red', 2, 2, NULL, NULL, NULL),
(975, 'Indigo', 'Ginger - Pickled', 1992, 'Blue', 5, 3, NULL, NULL, NULL),
(976, 'Maroon', 'Milkettes - 2%', 2001, 'Mauv', 4, 2, NULL, NULL, NULL),
(977, 'Red', 'Chicken - Wieners', 55000, 'Khaki', 4, 5, NULL, NULL, NULL),
(978, 'Turquoise', 'Bread - Pain Au Liat X12', 2000, 'Turquoise', 2, 3, NULL, NULL, NULL),
(979, 'Orange', 'Wine - Magnotta, Merlot Sr Vqa', 80000, 'Khaki', 4, 1, NULL, NULL, NULL),
(980, 'Khaki', 'Tomatoes - Hot House', 70000, 'Goldenrod', 3, 2, NULL, NULL, NULL),
(981, 'Mauv', 'Mortadella', 1962, 'Maroon', 5, 5, NULL, NULL, NULL),
(982, 'Crimson', 'Lobster - Canned Premium', 90000, 'Goldenrod', 1, 3, NULL, NULL, NULL),
(983, 'Maroon', 'Shrimp - 21/25, Peel And Deviened', 1997, 'Indigo', 2, 4, NULL, NULL, NULL),
(984, 'Goldenrod', 'Wine - Segura Viudas Aria Brut', 1983, 'Indigo', 4, 1, NULL, NULL, NULL),
(985, 'Purple', 'Crush - Orange, 355ml', 2004, 'Green', 3, 1, NULL, NULL, NULL),
(986, 'Purple', 'Energy Drink Red Bull', 1998, 'Violet', 1, 4, NULL, NULL, NULL),
(987, 'Green', 'Sansho Powder', 40000, 'Turquoise', 3, 2, NULL, NULL, NULL),
(988, 'Maroon', 'Danishes - Mini Raspberry', 1994, 'Khaki', 4, 4, NULL, NULL, NULL),
(989, 'Maroon', 'Table Cloth 54x54 White', 45000, 'Red', 4, 3, NULL, NULL, NULL),
(990, 'Purple', 'Napkin White', 1969, 'Indigo', 2, 2, NULL, NULL, NULL),
(991, 'Puce', 'Chocolate - Chips Compound', 80000, 'Aquamarine', 1, 3, NULL, NULL, NULL),
(992, 'Aquamarine', 'Chocolate Bar - Smarties', 50000, 'Yellow', 3, 1, NULL, NULL, NULL),
(993, 'Maroon', 'Ice Cream - Strawberry', 70000, 'Turquoise', 2, 5, NULL, NULL, NULL),
(994, 'Indigo', 'Muffin - Mix - Bran And Maple 15l', 55000, 'Turquoise', 2, 2, NULL, NULL, NULL),
(995, 'Aquamarine', 'Pepper - Red Chili', 2011, 'Pink', 2, 3, NULL, NULL, NULL),
(996, 'Orange', 'Bread - 10 Grain Parisian', 50000, 'Indigo', 1, 4, NULL, NULL, NULL),
(997, 'Mauv', 'Daikon Radish', 2004, 'Indigo', 2, 5, NULL, NULL, NULL),
(998, 'Puce', 'Wasabi Powder', 1990, 'Pink', 1, 4, NULL, NULL, NULL),
(999, 'Yellow', 'Syrup - Kahlua Chocolate', 2003, 'Mauv', 4, 4, NULL, NULL, NULL),
(1000, 'fghjk', 'duy ducuuuuuuuuuuuuuuuuuu', 5, 'ghjkl', 0, 4, NULL, NULL, '2022-07-01'),
(1041, 'abc', 'uuuuuu45678uuuuuuuuuu', 1, 'sdcfvgbhnjmk', 1, 4, 'null.sdcfvgbhnjmk.20220630', '2022-06-30', '2022-06-30'),
(1042, 'abc', 'uuuuuu45678uuuuuuuuuu', 1, 'sdcfvgbhnjmk', 1, 4, 'null.sdcfvgbhnjmk.20220630', '2022-06-30', '2022-06-30'),
(1044, 'abc', 'uuuuuu45678uuuuuuuuuu', 1, 'sdcfvgbhnjmk', 1, 4, '47682-112.sdcfvgbhnjmk.20220630', '2022-06-30', '2022-06-30'),
(1045, 'abc', 'uuuuuu45678uuuuuuuuuu', 1, 'sdcfvgbhnjmk', 1, 4, '47682-112.sdcfvgbhnjmk.20220630', '2022-06-30', '2022-06-30'),
(1046, 'abc', 'uuuuuu45678uuuuuuuuuu', 1, 'sdcfvgbhnjmk', 1, 4, '47682-112.sdcfvgbhnjmk.20220630', '2022-06-30', '2022-06-30'),
(1047, 'abc', 'uuuuuu45678uuuuuuuuuu', 1, 'sdcfvgbhnjmk', 1, 4, '47682-112.sdcfvgbhnjmk.20220701', '2022-07-01', '2022-07-01'),
(1048, 'fghjk', 'duy uuu', 5, 'ghjkl', 0, 4, '47682-112.sdcfvgbhnjmk.20220701', '2022-07-01', '2022-07-01'),
(1049, 'abc', 'uuuuuu45678uuuuuuuuuu', 2, 'sdcfvgbhnjmk', 1, 4, '47682-112.sdcfvgbhnjmk.20220701', '2022-07-01', '2022-07-01'),
(1050, 'abc', 'uuuuuu45678uuuuuuuuuu', 2, 'sdcfvgbhnjmk', 1, 4, '47682-112.sdcfvgbhnjmk.20220701', '2022-07-01', '2022-07-01'),
(1051, 'abc', 'uđuyucuu', 2, 'sdcfvgbhnjmk', 1, NULL, '47682-112.sdcfvgbhnjmk.20220701', '2022-07-01', '2022-07-01'),
(1052, 'abc', 'uđuyucuu', 2, 'sdcfvgbhnjmk', 1, 4, '47682-112.sdcfvgbhnjmk.20220701', '2022-07-01', '2022-07-01'),
(1053, 'abc', 'uđuyucuu', 2, 'sdcfvgbhnjmk', 1, 4, '47682-112.sdcfvgbhnjmk.20220701', '2022-07-01', '2022-07-01'),
(1054, 'abc', 'ygbnm,u', 2, 'sdcfvgbhnjmk', 1, 4, '47682-112.sdcfvgbhnjmk.20220701', '2022-07-01', '2022-07-01'),
(1055, 'abc', 'ygbnm,u', 2, 'sdcfvgbhnjmk', 0, 4, '47682-112.sdcfvgbhnjmk.20220701', '2022-07-01', '2022-07-01');

-- --------------------------------------------------------

--
-- Table structure for table `province`
--

CREATE TABLE `province` (
  `id` bigint(20) NOT NULL,
  `code` varchar(255) COLLATE utf8_unicode_ci DEFAULT NULL,
  `name` varchar(255) COLLATE utf8_unicode_ci DEFAULT NULL
) ENGINE=InnoDB DEFAULT CHARSET=utf8 COLLATE=utf8_unicode_ci;

--
-- Dumping data for table `province`
--

INSERT INTO `province` (`id`, `code`, `name`) VALUES
(1, 'ghjk741', 'fghjnbv');

-- --------------------------------------------------------

--
-- Table structure for table `warehouse`
--

CREATE TABLE `warehouse` (
  `id` bigint(20) NOT NULL,
  `address` varchar(255) COLLATE utf8_unicode_ci DEFAULT NULL,
  `name` varchar(255) COLLATE utf8_unicode_ci DEFAULT NULL,
  `status` varchar(255) COLLATE utf8_unicode_ci DEFAULT NULL,
  `district_id` bigint(20) DEFAULT NULL,
  `province_id` bigint(20) DEFAULT NULL
) ENGINE=InnoDB DEFAULT CHARSET=utf8 COLLATE=utf8_unicode_ci;

--
-- Dumping data for table `warehouse`
--

INSERT INTO `warehouse` (`id`, `address`, `name`, `status`, `district_id`, `province_id`) VALUES
(2, 'nghe an,fghjkl,fghjnbv', 'hahah', '0', 1, 1),
(3, 'nghe an 1,fghjkl,fghjnbv', 'hihihiuhg', '1', 1, 1),
(4, 'nghe an 1,fghjkl,fghjnbv', 'hihihiuhg', '0', 1, 1);

-- --------------------------------------------------------

--
-- Table structure for table `warehouse_product`
--

CREATE TABLE `warehouse_product` (
  `id` bigint(20) NOT NULL,
  `expired_date` int(11) DEFAULT NULL,
  `inventory` int(11) DEFAULT NULL,
  `start_date` int(11) DEFAULT NULL,
  `total_export` int(11) DEFAULT NULL,
  `total_import` int(11) DEFAULT NULL,
  `product_id` bigint(20) DEFAULT NULL,
  `warehouse_id` bigint(20) DEFAULT NULL
) ENGINE=InnoDB DEFAULT CHARSET=utf8 COLLATE=utf8_unicode_ci;

--
-- Indexes for dumped tables
--

--
-- Indexes for table `category`
--
ALTER TABLE `category`
  ADD PRIMARY KEY (`id`);

--
-- Indexes for table `district`
--
ALTER TABLE `district`
  ADD PRIMARY KEY (`id`);

--
-- Indexes for table `product`
--
ALTER TABLE `product`
  ADD PRIMARY KEY (`id`),
  ADD KEY `FK1mtsbur82frn64de7balymq9s` (`category_id`);

--
-- Indexes for table `province`
--
ALTER TABLE `province`
  ADD PRIMARY KEY (`id`);

--
-- Indexes for table `warehouse`
--
ALTER TABLE `warehouse`
  ADD PRIMARY KEY (`id`),
  ADD KEY `FKn9j18l8syelgwi3ikkrcx5ptx` (`district_id`),
  ADD KEY `FKnmlr470o06hws9ayhkjl5yo2t` (`province_id`);

--
-- Indexes for table `warehouse_product`
--
ALTER TABLE `warehouse_product`
  ADD PRIMARY KEY (`id`),
  ADD KEY `FKocdf46rpj8qoy9cqurnrvopr5` (`product_id`),
  ADD KEY `FK2m5r3qy83vqcqlkgr6n815mcn` (`warehouse_id`);

--
-- AUTO_INCREMENT for dumped tables
--

--
-- AUTO_INCREMENT for table `category`
--
ALTER TABLE `category`
  MODIFY `id` bigint(20) NOT NULL AUTO_INCREMENT, AUTO_INCREMENT=30;

--
-- AUTO_INCREMENT for table `district`
--
ALTER TABLE `district`
  MODIFY `id` bigint(20) NOT NULL AUTO_INCREMENT, AUTO_INCREMENT=2;

--
-- AUTO_INCREMENT for table `product`
--
ALTER TABLE `product`
  MODIFY `id` bigint(20) NOT NULL AUTO_INCREMENT, AUTO_INCREMENT=1056;

--
-- AUTO_INCREMENT for table `province`
--
ALTER TABLE `province`
  MODIFY `id` bigint(20) NOT NULL AUTO_INCREMENT, AUTO_INCREMENT=2;

--
-- AUTO_INCREMENT for table `warehouse`
--
ALTER TABLE `warehouse`
  MODIFY `id` bigint(20) NOT NULL AUTO_INCREMENT, AUTO_INCREMENT=5;

--
-- AUTO_INCREMENT for table `warehouse_product`
--
ALTER TABLE `warehouse_product`
  MODIFY `id` bigint(20) NOT NULL AUTO_INCREMENT;

--
-- Constraints for dumped tables
--

--
-- Constraints for table `product`
--
ALTER TABLE `product`
  ADD CONSTRAINT `FK1mtsbur82frn64de7balymq9s` FOREIGN KEY (`category_id`) REFERENCES `category` (`id`);

--
-- Constraints for table `warehouse`
--
ALTER TABLE `warehouse`
  ADD CONSTRAINT `FKn9j18l8syelgwi3ikkrcx5ptx` FOREIGN KEY (`district_id`) REFERENCES `district` (`id`),
  ADD CONSTRAINT `FKnmlr470o06hws9ayhkjl5yo2t` FOREIGN KEY (`province_id`) REFERENCES `province` (`id`);

--
-- Constraints for table `warehouse_product`
--
ALTER TABLE `warehouse_product`
  ADD CONSTRAINT `FK2m5r3qy83vqcqlkgr6n815mcn` FOREIGN KEY (`warehouse_id`) REFERENCES `warehouse` (`id`),
  ADD CONSTRAINT `FKocdf46rpj8qoy9cqurnrvopr5` FOREIGN KEY (`product_id`) REFERENCES `product` (`id`);
COMMIT;

/*!40101 SET CHARACTER_SET_CLIENT=@OLD_CHARACTER_SET_CLIENT */;
/*!40101 SET CHARACTER_SET_RESULTS=@OLD_CHARACTER_SET_RESULTS */;
/*!40101 SET COLLATION_CONNECTION=@OLD_COLLATION_CONNECTION */;
